id,code,title,category,subcategory,tags,originalFile,image
drop_0001,100000,1人・動植物(枠線あり),人・動植物,人・動植物,1人・動植物(枠線あり)、1人・動植物、人・動植物、枠線あり、1人、動植物、100000、いち、線あり、１、ふちあり、一、人物、人、ひと、生き物,ドロップス/100000_1人・動植物(枠線あり).gif,assets/images/drop_0001.gif
drop_0002,100000,2人・動植物(枠線なし),人・動植物,人・動植物,2人・動植物(枠線なし)、2人・動植物、人・動植物、枠線なし、2人、動植物、100000、に、線なし、ふちなし、二、２、人物、人、ひと、生き物,ドロップス/100000_2人・動植物(枠線なし).gif,assets/images/drop_0002.gif
drop_0003,101001,男,人・動植物,人・家族,男、人・動植物、人・家族、101001、おとこ、男性、男子、だんし、メンズ、だんせい、人物、人、ひと、生き物,ドロップス/101001男.gif,assets/images/drop_0003.gif
drop_0004,101002,女,人・動植物,人・家族,女、人・動植物、人・家族、101002、おんな、女性、レディース、じょせい、じょし、女子、人物、人、ひと、生き物,ドロップス/101002女.gif,assets/images/drop_0004.gif
drop_0005,101003,家族,人・動植物,人・家族,家族、人・動植物、人・家族、101003、かぞく、ファミリー、人物、人、ひと、生き物,ドロップス/101003家族.gif,assets/images/drop_0005.gif
drop_0006,101004,お父さん,人・動植物,人・家族,お父さん、人・動植物、人・家族、101004、ちち、父、パパ、人物、人、ひと、生き物,ドロップス/101004お父さん.gif,assets/images/drop_0006.gif
drop_0007,101005,お母さん,人・動植物,人・家族,お母さん、人・動植物、人・家族、101005、はは、母、ママ、人物、人、ひと、生き物,ドロップス/101005お母さん.gif,assets/images/drop_0007.gif
drop_0008,101006,男の子,人・動植物,人・家族,男の子、男、子、人・動植物、人・家族、101006、子ども、おとこ、男性、男子、少年、子供、だんし、メンズ、おとこのこ、ぼうや、こども、だんせい、人物、人、ひと、生き物,ドロップス/101006男の子.gif,assets/images/drop_0008.gif
drop_0009,101007,女の子,人・動植物,人・家族,女の子、女、子、人・動植物、人・家族、101007、おんな、子ども、少女、おんなのこ、女性、子供、レディース、じょせい、じょし、こども、女子、人物、人、ひと、生き物,ドロップス/101007女の子.gif,assets/images/drop_0009.gif
drop_0010,101008,赤ちゃん,人・動植物,人・家族,赤ちゃん、人・動植物、人・家族、101008、あかちゃん、乳児、ベビー、人物、人、ひと、生き物,ドロップス/101008赤ちゃん.gif,assets/images/drop_0010.gif
drop_0011,101009,おじいさん,人・動植物,人・家族,おじいさん、人・動植物、人・家族、101009、そふ、じーじ、祖父、じいちゃん、人物、人、ひと、生き物,ドロップス/101009おじいさん.gif,assets/images/drop_0011.gif
drop_0012,101010,おばあさん,人・動植物,人・家族,おばあさん、人・動植物、人・家族、101010、そぼ、ばあちゃん、ばーば、祖母、人物、人、ひと、生き物,ドロップス/101010おばあさん.gif,assets/images/drop_0012.gif
drop_0013,101011,わたし,人・動植物,人・家族,わたし、人・動植物、人・家族、101011、私、僕、ぼく、自分、じぶん、おれ、人物、人、ひと、生き物,ドロップス/101011わたし.gif,assets/images/drop_0013.gif
drop_0014,101012,あなた,人・動植物,人・家族,あなた、人・動植物、人・家族、101012、きみ、相手、君、人物、人、ひと、生き物,ドロップス/101012あなた.gif,assets/images/drop_0014.gif
drop_0015,101013,友達,人・動植物,人・家族,友達、人・動植物、人・家族、101013、友人、ゆうじん、ともだち、人物、人、ひと、生き物,ドロップス/101013友達.gif,assets/images/drop_0015.gif
drop_0016,101014,きょうだい,人・動植物,人・家族,きょうだい、人・動植物、人・家族、101014、姉妹、兄弟、人物、人、ひと、生き物,ドロップス/101014きょうだい.gif,assets/images/drop_0016.gif
drop_0017,101015,兄,人・動植物,人・家族,兄、人・動植物、人・家族、101015、あに、お兄さん、にいちゃん、人物、人、ひと、生き物,ドロップス/101015兄.gif,assets/images/drop_0017.gif
drop_0018,101016,姉,人・動植物,人・家族,姉、人・動植物、人・家族、101016、あね、ねえちゃん、お姉さん、人物、人、ひと、生き物,ドロップス/101016姉.gif,assets/images/drop_0018.gif
drop_0019,101017,弟,人・動植物,人・家族,弟、人・動植物、人・家族、101017、おとうと、人物、人、ひと、生き物,ドロップス/101017弟.gif,assets/images/drop_0019.gif
drop_0020,101018,妹,人・動植物,人・家族,妹、人・動植物、人・家族、101018、いもうと、人物、人、ひと、生き物,ドロップス/101018妹.gif,assets/images/drop_0020.gif
drop_0021,101021,大人,人・動植物,人・家族,大人、人・動植物、人・家族、101021、成人、おとな、人物、人、ひと、生き物,ドロップス/101021大人.gif,assets/images/drop_0021.gif
drop_0022,101022,こども,人・動植物,人・家族,こども、人・動植物、人・家族、101022、子供、子ども、子、人物、人、ひと、生き物,ドロップス/101022こども.gif,assets/images/drop_0022.gif
drop_0023,101023,わたしたち,人・動植物,人・家族,わたしたち、人・動植物、人・家族、101023、人物、人、ひと、生き物,ドロップス/101023わたしたち.gif,assets/images/drop_0023.gif
drop_0024,101024,大勢,人・動植物,人・家族,大勢、人・動植物、人・家族、101024、たくさん、多数、多い、人物、人、ひと、生き物,ドロップス/101024大勢.gif,assets/images/drop_0024.gif
drop_0025,101025,恋人,人・動植物,人・家族,恋人、人・動植物、人・家族、101025、こいびと、彼氏、カップル、彼女、人物、人、ひと、生き物,ドロップス/101025恋人.gif,assets/images/drop_0025.gif
drop_0026,101026,おじさん,人・動植物,人・家族,おじさん、人・動植物、人・家族、101026、叔父、伯父、人物、人、ひと、生き物,ドロップス/101026おじさん.png,assets/images/drop_0026.png
drop_0027,101027,おばさん,人・動植物,人・家族,おばさん、人・動植物、人・家族、101027、叔母、伯母、人物、人、ひと、生き物,ドロップス/101027おばさん.png,assets/images/drop_0027.png
drop_0028,102001,先生(男性),人・動植物,職業・役割,先生(男性)、先生、男性、人・動植物、職業・役割、102001、男、おとこ、男子、せんせい、教員、だんし、メンズ、教師、だんせい、人物、人、ひと、生き物,ドロップス/102001先生(男性).gif,assets/images/drop_0028.gif
drop_0029,102002,警察官,人・動植物,職業・役割,警察官、人・動植物、職業・役割、102002、けいさつかん、ポリス、警察、人物、人、ひと、生き物,ドロップス/102002警察官.gif,assets/images/drop_0029.gif
drop_0030,102003,医師(男性),人・動植物,職業・役割,医師(男性)、医師、男性、人・動植物、職業・役割、102003、男、おとこ、男子、医者、ドクター、だんし、メンズ、いし、だんせい、人物、人、ひと、生き物,ドロップス/102003医師(男性).gif,assets/images/drop_0030.gif
drop_0031,102004,看護師,人・動植物,職業・役割,看護師、人・動植物、職業・役割、102004、かんごし、ナース、人物、人、ひと、生き物,ドロップス/102004看護師.gif,assets/images/drop_0031.gif
drop_0032,102005,消防士,人・動植物,職業・役割,消防士、人・動植物、職業・役割、102005、レスキュー、しょうぼうし、消防、人物、人、ひと、生き物,ドロップス/102005消防士.gif,assets/images/drop_0032.gif
drop_0033,102007,校長先生(男性)(髭あり),人・動植物,職業・役割,校長先生(男性)(髭あり)、校長先生、男性、髭あり、人・動植物、職業・役割、102007、男、おとこ、男子、こうちょう、校長、だんし、メンズ、だんせい、人物、人、ひと、生き物,ドロップス/102007校長先生(男性)(髭あり).gif,assets/images/drop_0033.gif
drop_0034,102009,校長先生(女性),人・動植物,職業・役割,校長先生(女性)、校長先生、女性、人・動植物、職業・役割、102009、おんな、こうちょう、女、レディース、じょせい、校長、じょし、女子、人物、人、ひと、生き物,ドロップス/102009校長先生(女性).gif,assets/images/drop_0034.gif
drop_0035,102010,保育士,人・動植物,職業・役割,保育士、人・動植物、職業・役割、102010、保育園の先生、ほいくし、人物、人、ひと、生き物,ドロップス/102010保育士.gif,assets/images/drop_0035.gif
drop_0036,102011,言語聴覚士(ST),人・動植物,職業・役割,言語聴覚士(ST)、言語聴覚士、ST、人・動植物、職業・役割、102011、ことばの先生、人物、人、ひと、生き物,ドロップス/102011言語聴覚士(ST).gif,assets/images/drop_0036.gif
drop_0037,102012,作業療法士(OT),人・動植物,職業・役割,作業療法士(OT)、作業療法士、OT、人・動植物、職業・役割、102012、人物、人、ひと、生き物,ドロップス/102012作業療法士(OT).gif,assets/images/drop_0037.gif
drop_0038,102013,理学療法士(PT),人・動植物,職業・役割,理学療法士(PT)、理学療法士、PT、人・動植物、職業・役割、102013、人物、人、ひと、生き物,ドロップス/102013理学療法士(PT).gif,assets/images/drop_0038.gif
drop_0039,102014,歯科医,人・動植物,職業・役割,歯科医、人・動植物、職業・役割、102014、歯医者、しかい、歯科、人物、人、ひと、生き物,ドロップス/102014歯科医.gif,assets/images/drop_0039.gif
drop_0040,102015,神様,人・動植物,職業・役割,神様、人・動植物、職業・役割、102015、かみさま、人物、人、ひと、生き物,ドロップス/102015神様.gif,assets/images/drop_0040.gif
drop_0041,102016,サンタクロース,人・動植物,職業・役割,サンタクロース、人・動植物、職業・役割、102016、サンタ、人物、人、ひと、生き物,ドロップス/102016サンタクロース.gif,assets/images/drop_0041.gif
drop_0042,102019,先生(女性),人・動植物,職業・役割,先生(女性)、先生、女性、人・動植物、職業・役割、102019、おんな、せんせい、教員、女、レディース、じょせい、教師、じょし、女子、人物、人、ひと、生き物,ドロップス/102019先生(女性).png,assets/images/drop_0042.png
drop_0043,102020,医師(女性),人・動植物,職業・役割,医師(女性)、医師、女性、人・動植物、職業・役割、102020、おんな、医者、ドクター、女、レディース、じょせい、じょし、いし、女子、人物、人、ひと、生き物,ドロップス/102020医師(女性).png,assets/images/drop_0043.png
drop_0044,102021,電車の運転手,人・動植物,職業・役割,電車の運転手、電車、運転手、人・動植物、職業・役割、102021、でんしゃ、人物、人、ひと、生き物,ドロップス/102021電車の運転手.png,assets/images/drop_0044.png
drop_0045,102022,美容師(男性),人・動植物,職業・役割,美容師(男性)、美容師、男性、人・動植物、職業・役割、102022、ヘアスタイリスト、男、おとこ、男子、びようし、だんし、メンズ、だんせい、人物、人、ひと、生き物,ドロップス/102022美容師(男性).png,assets/images/drop_0045.png
drop_0046,102023,美容師(女性),人・動植物,職業・役割,美容師(女性)、美容師、女性、人・動植物、職業・役割、102023、おんな、ヘアスタイリスト、びようし、女、レディース、じょせい、じょし、女子、人物、人、ひと、生き物,ドロップス/102023美容師(女性).png,assets/images/drop_0046.png
drop_0047,102024,高校生(男子),人・動植物,職業・役割,高校生(男子)、高校生、男子、人・動植物、職業・役割、102024、男、おとこ、男性、こうこうせい、高校、だんし、メンズ、だんせい、人物、人、ひと、生き物,ドロップス/102024高校生(男子).png,assets/images/drop_0047.png
drop_0048,102025,高校生(女子),人・動植物,職業・役割,高校生(女子)、高校生、女子、人・動植物、職業・役割、102025、おんな、こうこうせい、高校、女性、女、レディース、じょせい、じょし、人物、人、ひと、生き物,ドロップス/102025高校生(女子).png,assets/images/drop_0048.png
drop_0049,102026,鵜匠(1),人・動植物,職業・役割,鵜匠(1)、鵜匠、1、人・動植物、職業・役割、102026、一、いち、人物、人、ひと、生き物,ドロップス/102026鵜匠(1).png,assets/images/drop_0049.png
drop_0050,102027,鵜匠(2),人・動植物,職業・役割,鵜匠(2)、鵜匠、2、人・動植物、職業・役割、102027、に、二、人物、人、ひと、生き物,ドロップス/102027鵜匠(2).png,assets/images/drop_0050.png
drop_0051,103001,顔,人・動植物,からだ,顔、人・動植物、からだ、103001、身体、フェイス、体、かお、人物、人、ひと、生き物,ドロップス/103001顔.gif,assets/images/drop_0051.gif
drop_0052,103002,目,人・動植物,からだ,目、人・動植物、からだ、103002、アイ、身体、め、体、人物、人、ひと、生き物,ドロップス/103002目.gif,assets/images/drop_0052.gif
drop_0053,103003,耳,人・動植物,からだ,耳、人・動植物、からだ、103003、みみ、体、身体、人物、人、ひと、生き物,ドロップス/103003耳.gif,assets/images/drop_0053.gif
drop_0054,103004,鼻,人・動植物,からだ,鼻、人・動植物、からだ、103004、体、はな、身体、人物、人、ひと、生き物,ドロップス/103004鼻.gif,assets/images/drop_0054.gif
drop_0055,103005,口,人・動植物,からだ,口、人・動植物、からだ、103005、くち、身体、マウス、体、人物、人、ひと、生き物,ドロップス/103005口.gif,assets/images/drop_0055.gif
drop_0056,103006,歯,人・動植物,からだ,歯、人・動植物、からだ、103006、は、身体、体、人物、人、ひと、生き物,ドロップス/103006歯.gif,assets/images/drop_0056.gif
drop_0057,103007,首,人・動植物,からだ,首、人・動植物、からだ、103007、くび、体、身体、人物、人、ひと、生き物,ドロップス/103007首.gif,assets/images/drop_0057.gif
drop_0058,103008,髪の毛,人・動植物,からだ,髪の毛、髪、毛、人・動植物、からだ、103008、身体、かみ、ヘア、体、人物、人、ひと、生き物,ドロップス/103008髪の毛.gif,assets/images/drop_0058.gif
drop_0059,103009,腕,人・動植物,からだ,腕、人・動植物、からだ、103009、身体、うで、体、人物、人、ひと、生き物,ドロップス/103009腕.gif,assets/images/drop_0059.gif
drop_0060,103010,手,人・動植物,からだ,手、人・動植物、からだ、103010、体、て、身体、人物、人、ひと、生き物,ドロップス/103010手.gif,assets/images/drop_0060.gif
drop_0061,103011,指,人・動植物,からだ,指、人・動植物、からだ、103011、体、ゆび、身体、人物、人、ひと、生き物,ドロップス/103011指.gif,assets/images/drop_0061.gif
drop_0062,103012,足,人・動植物,からだ,足、人・動植物、からだ、103012、体、身体、あし、人物、人、ひと、生き物,ドロップス/103012足.gif,assets/images/drop_0062.gif
drop_0063,103013,膝,人・動植物,からだ,膝、人・動植物、からだ、103013、体、ひざ、身体、人物、人、ひと、生き物,ドロップス/103013膝.gif,assets/images/drop_0063.gif
drop_0064,103014,腹,人・動植物,からだ,腹、人・動植物、からだ、103014、おなか、お腹、身体、体、人物、人、ひと、生き物,ドロップス/103014腹.gif,assets/images/drop_0064.gif
drop_0065,103015,背中,人・動植物,からだ,背中、人・動植物、からだ、103015、体、せなか、身体、人物、人、ひと、生き物,ドロップス/103015背中.gif,assets/images/drop_0065.gif
drop_0066,103016,尻,人・動植物,からだ,尻、人・動植物、からだ、103016、体、おしり、身体、人物、人、ひと、生き物,ドロップス/103016尻.gif,assets/images/drop_0066.gif
drop_0067,103017,心臓,人・動植物,からだ,心臓、人・動植物、からだ、103017、体、身体、しんぞう、人物、人、ひと、生き物,ドロップス/103017心臓.gif,assets/images/drop_0067.gif
drop_0068,103018,血,人・動植物,からだ,血、人・動植物、からだ、103018、身体、ち、体、血液、人物、人、ひと、生き物,ドロップス/103018血.gif,assets/images/drop_0068.gif
drop_0069,103019,身体(総称),人・動植物,からだ,身体(総称)、身体、総称、人・動植物、からだ、103019、体、人物、人、ひと、生き物,ドロップス/103019身体(総称).gif,assets/images/drop_0069.gif
drop_0070,103020,頭,人・動植物,からだ,頭、人・動植物、からだ、103020、体、あたま、身体、人物、人、ひと、生き物,ドロップス/103020頭.gif,assets/images/drop_0070.gif
drop_0071,103021,肩,人・動植物,からだ,肩、人・動植物、からだ、103021、身体、体、人物、人、ひと、生き物,ドロップス/103021肩.gif,assets/images/drop_0071.gif
drop_0072,103023,腰,人・動植物,からだ,腰、人・動植物、からだ、103023、身体、体、人物、人、ひと、生き物,ドロップス/103023腰.gif,assets/images/drop_0072.gif
drop_0073,103025,舌,人・動植物,からだ,舌、人・動植物、からだ、103025、身体、体、人物、人、ひと、生き物,ドロップス/103025舌.gif,assets/images/drop_0073.gif
drop_0074,103026,喉,人・動植物,からだ,喉、人・動植物、からだ、103026、身体、体、人物、人、ひと、生き物,ドロップス/103026喉.gif,assets/images/drop_0074.gif
drop_0075,103029,胸,人・動植物,からだ,胸、人・動植物、からだ、103029、身体、体、人物、人、ひと、生き物,ドロップス/103029胸.gif,assets/images/drop_0075.gif
drop_0076,103030,ひじ,人・動植物,からだ,ひじ、人・動植物、からだ、103030、身体、体、人物、人、ひと、生き物,ドロップス/103030ひじ.gif,assets/images/drop_0076.gif
drop_0077,103031,爪,人・動植物,からだ,爪、人・動植物、からだ、103031、身体、体、人物、人、ひと、生き物,ドロップス/103031爪.gif,assets/images/drop_0077.gif
drop_0078,103032,かかと,人・動植物,からだ,かかと、かか、人・動植物、からだ、103032、身体、体、人物、人、ひと、生き物,ドロップス/103032かかと.gif,assets/images/drop_0078.gif
drop_0079,104001,犬,人・動植物,動物,犬、人・動植物、動物、104001、ドッグ、いぬ、人物、人、ひと、生き物,ドロップス/104001犬.gif,assets/images/drop_0079.gif
drop_0080,104002,猫,人・動植物,動物,猫、人・動植物、動物、104002、キャット、ねこ、人物、人、ひと、生き物,ドロップス/104002猫.gif,assets/images/drop_0080.gif
drop_0081,104003,魚,人・動植物,動物,魚、人・動植物、動物、104003、さかな、人物、人、ひと、生き物,ドロップス/104003魚.gif,assets/images/drop_0081.gif
drop_0082,104004,鳥,人・動植物,動物,鳥、人・動植物、動物、104004、とり、人物、人、ひと、生き物,ドロップス/104004鳥.gif,assets/images/drop_0082.gif
drop_0083,104005,昆虫,人・動植物,動物,昆虫、人・動植物、動物、104005、虫、こんちゅう、むし、人物、人、ひと、生き物,ドロップス/104005昆虫.gif,assets/images/drop_0083.gif
drop_0084,104016,ピラニア,人・動植物,動物,ピラニア、人・動植物、動物、104016、人物、人、ひと、生き物,ドロップス/104016ピラニア.gif,assets/images/drop_0084.gif
drop_0085,104031,ゾウ,人・動植物,動物,ゾウ、人・動植物、動物、104031、人物、人、ひと、生き物,ドロップス/104031ゾウ.png,assets/images/drop_0085.png
drop_0086,104032,キリン,人・動植物,動物,キリン、人・動植物、動物、104032、人物、人、ひと、生き物,ドロップス/104032キリン.png,assets/images/drop_0086.png
drop_0087,104033,羊,人・動植物,動物,羊、人・動植物、動物、104033、人物、人、ひと、生き物,ドロップス/104033羊.png,assets/images/drop_0087.png
drop_0088,104034,イノシシ,人・動植物,動物,イノシシ、人・動植物、動物、104034、人物、人、ひと、生き物,ドロップス/104034イノシシ.png,assets/images/drop_0088.png
drop_0089,104035,猿,人・動植物,動物,猿、人・動植物、動物、104035、人物、人、ひと、生き物,ドロップス/104035猿.png,assets/images/drop_0089.png
drop_0090,104036,虎,人・動植物,動物,虎、人・動植物、動物、104036、人物、人、ひと、生き物,ドロップス/104036虎.png,assets/images/drop_0090.png
drop_0091,104037,カンガルー,人・動植物,動物,カンガルー、人・動植物、動物、104037、人物、人、ひと、生き物,ドロップス/104037カンガルー.png,assets/images/drop_0091.png
drop_0092,104038,ムツゴロウ,人・動植物,動物,ムツゴロウ、人・動植物、動物、104038、人物、人、ひと、生き物,ドロップス/104038ムツゴロウ.png,assets/images/drop_0092.png
drop_0093,104039,タツノオトシゴ,人・動植物,動物,タツノオトシゴ、人・動植物、動物、104039、人物、人、ひと、生き物,ドロップス/104039タツノオトシゴ.png,assets/images/drop_0093.png
drop_0094,104040,ウナギ,人・動植物,動物,ウナギ、人・動植物、動物、104040、人物、人、ひと、生き物,ドロップス/104040ウナギ.png,assets/images/drop_0094.png
drop_0095,104041,ナマズ,人・動植物,動物,ナマズ、人・動植物、動物、104041、人物、人、ひと、生き物,ドロップス/104041ナマズ.png,assets/images/drop_0095.png
drop_0096,104042,フグ,人・動植物,動物,フグ、人・動植物、動物、104042、人物、人、ひと、生き物,ドロップス/104042フグ.png,assets/images/drop_0096.png
drop_0097,104043,鮎,人・動植物,動物,鮎、人・動植物、動物、104043、人物、人、ひと、生き物,ドロップス/104043鮎.png,assets/images/drop_0097.png
drop_0098,104044,鵜,人・動植物,動物,鵜、人・動植物、動物、104044、人物、人、ひと、生き物,ドロップス/104044鵜.png,assets/images/drop_0098.png
drop_0099,200000,1動き・様子(枠線あり),動き・様子,動き・様子,1動き・様子(枠線あり)、1動き・様子、動き・様子、枠線あり、1動き、様子、200000、いち、線あり、１、ふちあり、一、動作、行動、気持ち,ドロップス/200000_1動き・様子(枠線あり).gif,assets/images/drop_0099.gif
drop_0100,200000,2動き・様子(枠線なし),動き・様子,動き・様子,2動き・様子(枠線なし)、動き・様子、2動き・様子、枠線なし、2動き、様子、200000、に、線なし、ふちなし、二、２、動作、行動、気持ち,ドロップス/200000_2動き・様子(枠線なし).gif,assets/images/drop_0100.gif
drop_0101,201001,好き,動き・様子,気持ち,好き、動き・様子、気持ち、201001、お気に入り、すき、動作、行動,ドロップス/201001好き.gif,assets/images/drop_0101.gif
drop_0102,201002,幸せ,動き・様子,気持ち,幸せ、動き・様子、気持ち、201002、ハッピー、しあわせ、動作、行動,ドロップス/201002幸せ.gif,assets/images/drop_0102.gif
drop_0103,201003,悲しい(男子),動き・様子,気持ち,悲しい(男子)、悲しい、男子、動き・様子、気持ち、201003、男、おとこ、男性、かなしい、だんし、メンズ、だんせい、動作、行動,ドロップス/201003悲しい(男子).gif,assets/images/drop_0103.gif
drop_0104,201004,美味しい,動き・様子,気持ち,美味しい、動き・様子、気持ち、201004、うまい、おいしい、動作、行動,ドロップス/201004美味しい.gif,assets/images/drop_0104.gif
drop_0105,201005,不味い,動き・様子,気持ち,不味い、動き・様子、気持ち、201005、まずい、動作、行動,ドロップス/201005不味い.gif,assets/images/drop_0105.gif
drop_0106,201006,面白い,動き・様子,気持ち,面白い、動き・様子、気持ち、201006、おもしろい、楽しい、動作、行動,ドロップス/201006面白い.gif,assets/images/drop_0106.gif
drop_0107,201007,つまらない,動き・様子,気持ち,つまらない、動き・様子、気持ち、201007、たいくつ、退屈、動作、行動,ドロップス/201007つまらない.gif,assets/images/drop_0107.gif
drop_0108,201008,怒る(男子),動き・様子,気持ち,怒る(男子)、怒る、男子、動き・様子、気持ち、201008、男、おとこ、男性、怒り、だんし、メンズ、おこる、だんせい、動作、行動,ドロップス/201008怒る(男子).gif,assets/images/drop_0108.gif
drop_0109,201009,怖い,動き・様子,気持ち,怖い、動き・様子、気持ち、201009、こわい、動作、行動,ドロップス/201009怖い.gif,assets/images/drop_0109.gif
drop_0110,201010,静かに,動き・様子,気持ち,静かに、静か、動き・様子、気持ち、201010、しずかに、動作、行動,ドロップス/201010静かに.gif,assets/images/drop_0110.gif
drop_0111,201011,がっかり,動き・様子,気持ち,がっかり、っかり、動き・様子、気持ち、201011、残念、ざんねん、動作、行動,ドロップス/201011がっかり.gif,assets/images/drop_0111.gif
drop_0112,201012,易しい,動き・様子,気持ち,易しい、動き・様子、気持ち、201012、やさしい、簡単、動作、行動,ドロップス/201012易しい.gif,assets/images/drop_0112.gif
drop_0113,201013,難しい,動き・様子,気持ち,難しい、動き・様子、気持ち、201013、むずかしい、動作、行動,ドロップス/201013難しい.gif,assets/images/drop_0113.gif
drop_0114,201014,わからない,動き・様子,気持ち,わからない、わ、ない、動き・様子、気持ち、201014、分からない、理解できない、動作、行動,ドロップス/201014わからない.gif,assets/images/drop_0114.gif
drop_0115,201015,欲しい,動き・様子,気持ち,欲しい、動き・様子、気持ち、201015、ほしい、動作、行動,ドロップス/201015欲しい.gif,assets/images/drop_0115.gif
drop_0116,201016,寒い,動き・様子,気持ち,寒い、動き・様子、気持ち、201016、さむい、動作、行動,ドロップス/201016寒い.gif,assets/images/drop_0116.gif
drop_0117,201017,暑い,動き・様子,気持ち,暑い、動き・様子、気持ち、201017、あつい、動作、行動,ドロップス/201017暑い.gif,assets/images/drop_0117.gif
drop_0118,201018,お腹が痛い(男子),動き・様子,気持ち,お腹が痛い(男子)、お腹が痛い、男子、お腹、痛い、動き・様子、気持ち、201018、おなか、男、おとこ、男性、だんし、メンズ、腹、いたい、だんせい、動作、行動,ドロップス/201018お腹が痛い(男子).gif,assets/images/drop_0118.gif
drop_0119,201019,歯が痛い,動き・様子,気持ち,歯が痛い、歯、痛い、動き・様子、気持ち、201019、は、いたい、動作、行動,ドロップス/201019歯が痛い.gif,assets/images/drop_0119.gif
drop_0120,201020,頭が痛い,動き・様子,気持ち,頭が痛い、頭、痛い、動き・様子、気持ち、201020、いたい、あたま、動作、行動,ドロップス/201020頭が痛い.gif,assets/images/drop_0120.gif
drop_0121,201021,吐き気がする,動き・様子,気持ち,吐き気がする、吐き気、する、吐き気が、動き・様子、気持ち、201021、動作、行動,ドロップス/201021吐き気がする.gif,assets/images/drop_0121.gif
drop_0122,201022,痒い,動き・様子,気持ち,痒い、動き・様子、気持ち、201022、動作、行動,ドロップス/201022痒い.gif,assets/images/drop_0122.gif
drop_0123,201023,止めて,動き・様子,気持ち,止めて、動き・様子、気持ち、201023、動作、行動,ドロップス/201023止めて.gif,assets/images/drop_0123.gif
drop_0124,201024,気持ち,動き・様子,気持ち,気持ち、動き・様子、201024、動作、行動,ドロップス/201024気持ち.gif,assets/images/drop_0124.gif
drop_0125,201025,嫌い,動き・様子,気持ち,嫌い、動き・様子、気持ち、201025、動作、行動,ドロップス/201025嫌い.gif,assets/images/drop_0125.gif
drop_0126,201026,嬉しい,動き・様子,気持ち,嬉しい、動き・様子、気持ち、201026、動作、行動,ドロップス/201026嬉しい.gif,assets/images/drop_0126.gif
drop_0127,201027,笑う,動き・様子,気持ち,笑う、動き・様子、気持ち、201027、動作、行動,ドロップス/201027笑う.gif,assets/images/drop_0127.gif
drop_0128,201028,泣く,動き・様子,気持ち,泣く、動き・様子、気持ち、201028、動作、行動,ドロップス/201028泣く.gif,assets/images/drop_0128.gif
drop_0129,201029,驚く(男子),動き・様子,気持ち,驚く(男子)、驚く、男子、動き・様子、気持ち、201029、男、おとこ、男性、だんし、メンズ、だんせい、動作、行動,ドロップス/201029驚く(男子).gif,assets/images/drop_0129.gif
drop_0130,201030,恥ずかしい,動き・様子,気持ち,恥ずかしい、動き・様子、気持ち、201030、動作、行動,ドロップス/201030恥ずかしい.gif,assets/images/drop_0130.gif
drop_0131,201031,うらやましい,動き・様子,気持ち,うらやましい、うら、ましい、動き・様子、気持ち、201031、動作、行動,ドロップス/201031うらやましい.gif,assets/images/drop_0131.gif
drop_0132,201032,困る,動き・様子,気持ち,困る、動き・様子、気持ち、201032、動作、行動,ドロップス/201032困る.gif,assets/images/drop_0132.gif
drop_0133,201033,お腹がすいた,動き・様子,気持ち,お腹がすいた、お腹、すいた、動き・様子、気持ち、201033、おなか、腹、動作、行動,ドロップス/201033お腹がすいた.gif,assets/images/drop_0133.gif
drop_0134,201034,喉が渇いた,動き・様子,気持ち,喉が渇いた、喉、渇いた、動き・様子、気持ち、201034、動作、行動,ドロップス/201034喉が渇いた.gif,assets/images/drop_0134.gif
drop_0135,201038,酸っぱい,動き・様子,気持ち,酸っぱい、動き・様子、気持ち、201038、動作、行動,ドロップス/201038酸っぱい.png,assets/images/drop_0135.png
drop_0136,201040,臭い,動き・様子,気持ち,臭い、動き・様子、気持ち、201040、動作、行動,ドロップス/201040臭い.gif,assets/images/drop_0136.gif
drop_0137,201041,うるさい,動き・様子,気持ち,うるさい、動き・様子、気持ち、201041、動作、行動,ドロップス/201041うるさい.gif,assets/images/drop_0137.gif
drop_0138,201042,痛い,動き・様子,気持ち,痛い、動き・様子、気持ち、201042、いたい、動作、行動,ドロップス/201042痛い.gif,assets/images/drop_0138.gif
drop_0139,201043,苦しい,動き・様子,気持ち,苦しい、動き・様子、気持ち、201043、動作、行動,ドロップス/201043苦しい.gif,assets/images/drop_0139.gif
drop_0140,201044,眠い(男子),動き・様子,気持ち,眠い(男子)、眠い、男子、動き・様子、気持ち、201044、男、おとこ、男性、だんし、メンズ、ねむい、だんせい、動作、行動,ドロップス/201044眠い(男子).gif,assets/images/drop_0140.gif
drop_0141,201050,喉が痛い,動き・様子,気持ち,喉が痛い、喉、痛い、動き・様子、気持ち、201050、いたい、動作、行動,ドロップス/201050喉が痛い.gif,assets/images/drop_0141.gif
drop_0142,201051,熱がある,動き・様子,気持ち,熱がある、熱、ある、動き・様子、気持ち、201051、動作、行動,ドロップス/201051熱がある.gif,assets/images/drop_0142.gif
drop_0143,201052,咳,動き・様子,気持ち,咳、動き・様子、気持ち、201052、動作、行動,ドロップス/201052咳.gif,assets/images/drop_0143.gif
drop_0144,201053,くしゃみ,動き・様子,気持ち,くしゃみ、動き・様子、気持ち、201053、動作、行動,ドロップス/201053くしゃみ.gif,assets/images/drop_0144.gif
drop_0145,201054,虫歯,動き・様子,気持ち,虫歯、動き・様子、気持ち、201054、動作、行動,ドロップス/201054虫歯.gif,assets/images/drop_0145.gif
drop_0146,201067,元気だ,動き・様子,気持ち,元気だ、動き・様子、気持ち、201067、動作、行動,ドロップス/201067元気だ.gif,assets/images/drop_0146.gif
drop_0147,201069,ドキドキする,動き・様子,気持ち,ドキドキする、ドキドキ、動き・様子、気持ち、201069、動作、行動,ドロップス/201069ドキドキする.gif,assets/images/drop_0147.gif
drop_0148,201070,パニックを起こしている(男子),動き・様子,気持ち,パニックを起こしている(男子)、パニックを起こしている、男子、パニック、起こしている、パニックを起こ、起こ、動き・様子、気持ち、201070、男、おとこ、男性、混乱、だんし、メンズ、だんせい、動作、行動,ドロップス/201070パニックを起こしている(男子).gif,assets/images/drop_0148.gif
drop_0149,201071,涼しい,動き・様子,気持ち,涼しい、動き・様子、気持ち、201071、動作、行動,ドロップス/201071涼しい.gif,assets/images/drop_0149.gif
drop_0150,201072,暖かい,動き・様子,気持ち,暖かい、動き・様子、気持ち、201072、動作、行動,ドロップス/201072暖かい.gif,assets/images/drop_0150.gif
drop_0151,201075,かわいい,動き・様子,気持ち,かわいい、動き・様子、気持ち、201075、動作、行動,ドロップス/201075かわいい.gif,assets/images/drop_0151.gif
drop_0152,201077,寂しい,動き・様子,気持ち,寂しい、動き・様子、気持ち、201077、動作、行動,ドロップス/201077寂しい.png,assets/images/drop_0152.png
drop_0153,201079,お腹がいっぱいだ,動き・様子,気持ち,お腹がいっぱいだ、お腹、いっぱいだ、動き・様子、気持ち、201079、おなか、腹、動作、行動,ドロップス/201079お腹がいっぱいだ.png,assets/images/drop_0153.png
drop_0154,201080,満足している,動き・様子,気持ち,満足している、満足、動き・様子、気持ち、201080、動作、行動,ドロップス/201080満足している.png,assets/images/drop_0154.png
drop_0155,201081,恋しがる(1),動き・様子,気持ち,恋しがる(1)、恋しがる、1、恋し、る、動き・様子、気持ち、201081、一、いち、動作、行動,ドロップス/201081恋しがる(1).png,assets/images/drop_0155.png
drop_0156,201082,恋しがる(2),動き・様子,気持ち,恋しがる(2)、恋しがる、2、恋し、る、動き・様子、気持ち、201082、に、二、動作、行動,ドロップス/201082恋しがる(2).png,assets/images/drop_0156.png
drop_0157,201083,頑固だ,動き・様子,気持ち,頑固だ、動き・様子、気持ち、201083、動作、行動,ドロップス/201083頑固だ.png,assets/images/drop_0157.png
drop_0158,201084,自慢する,動き・様子,気持ち,自慢する、自慢、動き・様子、気持ち、201084、動作、行動,ドロップス/201084自慢する.png,assets/images/drop_0158.png
drop_0159,201085,嘔吐する,動き・様子,気持ち,嘔吐する、嘔吐、動き・様子、気持ち、201085、動作、行動,ドロップス/201085嘔吐する.png,assets/images/drop_0159.png
drop_0160,201086,パニックを起こしている(女子),動き・様子,気持ち,パニックを起こしている(女子)、パニックを起こしている、女子、パニック、起こしている、パニックを起こ、起こ、動き・様子、気持ち、201086、おんな、混乱、女性、女、レディース、じょせい、じょし、動作、行動,ドロップス/201086パニックを起こしている(女子).png,assets/images/drop_0160.png
drop_0161,201087,思春期のイライラ(男子),動き・様子,気持ち,思春期のイライラ(男子)、思春期のイライラ、男子、思春期、イライラ、動き・様子、気持ち、201087、男、おとこ、男性、だんし、メンズ、だんせい、動作、行動,ドロップス/201087思春期のイライラ(男子).png,assets/images/drop_0161.png
drop_0162,201088,思春期のイライラ(女子),動き・様子,気持ち,思春期のイライラ(女子)、思春期のイライラ、女子、思春期、イライラ、動き・様子、気持ち、201088、おんな、女性、女、レディース、じょせい、じょし、動作、行動,ドロップス/201088思春期のイライラ(女子).png,assets/images/drop_0162.png
drop_0163,201089,楽しい,動き・様子,気持ち,楽しい、動き・様子、気持ち、201089、おもしろい、面白い、動作、行動,ドロップス/201089楽しい.png,assets/images/drop_0163.png
drop_0164,201090,怒る(女子),動き・様子,気持ち,怒る(女子)、怒る、女子、動き・様子、気持ち、201090、おんな、女性、怒り、女、レディース、じょせい、おこる、じょし、動作、行動,ドロップス/201090怒る(女子).png,assets/images/drop_0164.png
drop_0165,201091,お腹が痛い(女子),動き・様子,気持ち,お腹が痛い(女子)、お腹が痛い、女子、お腹、痛い、動き・様子、気持ち、201091、おんな、おなか、女性、女、レディース、じょせい、腹、じょし、いたい、動作、行動,ドロップス/201091お腹が痛い(女子).png,assets/images/drop_0165.png
drop_0166,201092,イライラする(女子),動き・様子,気持ち,イライラする(女子)、イライラする、女子、イライラ、動き・様子、気持ち、201092、おんな、女性、女、レディース、じょせい、じょし、動作、行動,ドロップス/201092イライラする(女子).png,assets/images/drop_0166.png
drop_0167,202001,はい,動き・様子,ことば・状態,はい、動き・様子、ことば・状態、202001、うん、肯定、動作、行動、気持ち,ドロップス/202001はい.gif,assets/images/drop_0167.gif
drop_0168,202002,いいえ,動き・様子,ことば・状態,いいえ、動き・様子、ことば・状態、202002、いや、否定、動作、行動、気持ち,ドロップス/202002いいえ.gif,assets/images/drop_0168.gif
drop_0169,202003,大きい,動き・様子,ことば・状態,大きい、動き・様子、ことば・状態、202003、おおきい、動作、行動、気持ち,ドロップス/202003大きい.gif,assets/images/drop_0169.gif
drop_0170,202004,小さい,動き・様子,ことば・状態,小さい、動き・様子、ことば・状態、202004、ちいさい、動作、行動、気持ち,ドロップス/202004小さい.gif,assets/images/drop_0170.gif
drop_0171,202005,上,動き・様子,ことば・状態,上、動き・様子、ことば・状態、202005、うえ、動作、行動、気持ち,ドロップス/202005上.gif,assets/images/drop_0171.gif
drop_0172,202006,下,動き・様子,ことば・状態,下、動き・様子、ことば・状態、202006、した、動作、行動、気持ち,ドロップス/202006下.gif,assets/images/drop_0172.gif
drop_0173,202007,同じ,動き・様子,ことば・状態,同じ、動き・様子、ことば・状態、202007、おなじ、動作、行動、気持ち,ドロップス/202007同じ.gif,assets/images/drop_0173.gif
drop_0174,202008,そして,動き・様子,ことば・状態,そして、動き・様子、ことば・状態、202008、動作、行動、気持ち,ドロップス/202008そして.gif,assets/images/drop_0174.gif
drop_0175,202009,明るい,動き・様子,ことば・状態,明るい、動き・様子、ことば・状態、202009、あかるい、動作、行動、気持ち,ドロップス/202009明るい.gif,assets/images/drop_0175.gif
drop_0176,202010,暗い,動き・様子,ことば・状態,暗い、動き・様子、ことば・状態、202010、くらい、動作、行動、気持ち,ドロップス/202010暗い.gif,assets/images/drop_0176.gif
drop_0177,202011,熱い,動き・様子,ことば・状態,熱い、動き・様子、ことば・状態、202011、あつい、動作、行動、気持ち,ドロップス/202011熱い.gif,assets/images/drop_0177.gif
drop_0178,202012,冷たい,動き・様子,ことば・状態,冷たい、動き・様子、ことば・状態、202012、つめたい、動作、行動、気持ち,ドロップス/202012冷たい.gif,assets/images/drop_0178.gif
drop_0179,202013,かたい,動き・様子,ことば・状態,かたい、動き・様子、ことば・状態、202013、硬い、動作、行動、気持ち,ドロップス/202013かたい.gif,assets/images/drop_0179.gif
drop_0180,202014,やわらかい,動き・様子,ことば・状態,やわらかい、わらかい、動き・様子、ことば・状態、202014、柔らかい、動作、行動、気持ち,ドロップス/202014やわらかい.gif,assets/images/drop_0180.gif
drop_0181,202015,きれい,動き・様子,ことば・状態,きれい、動き・様子、ことば・状態、202015、綺麗、動作、行動、気持ち,ドロップス/202015きれい.gif,assets/images/drop_0181.gif
drop_0182,202016,汚い,動き・様子,ことば・状態,汚い、動き・様子、ことば・状態、202016、きたない、動作、行動、気持ち,ドロップス/202016汚い.gif,assets/images/drop_0182.gif
drop_0183,202017,高価,動き・様子,ことば・状態,高価、動き・様子、ことば・状態、202017、高い、たかい、動作、行動、気持ち,ドロップス/202017高価.gif,assets/images/drop_0183.gif
drop_0184,202018,安価,動き・様子,ことば・状態,安価、動き・様子、ことば・状態、202018、やすい、安い、動作、行動、気持ち,ドロップス/202018安価.gif,assets/images/drop_0184.gif
drop_0185,202019,幼い,動き・様子,ことば・状態,幼い、動き・様子、ことば・状態、202019、動作、行動、気持ち,ドロップス/202019幼い.gif,assets/images/drop_0185.gif
drop_0186,202020,老いた,動き・様子,ことば・状態,老いた、動き・様子、ことば・状態、202020、動作、行動、気持ち,ドロップス/202020老いた.gif,assets/images/drop_0186.gif
drop_0187,202021,生まれる,動き・様子,ことば・状態,生まれる、動き・様子、ことば・状態、202021、動作、行動、気持ち,ドロップス/202021生まれる.gif,assets/images/drop_0187.gif
drop_0188,202022,死ぬ,動き・様子,ことば・状態,死ぬ、動き・様子、ことば・状態、202022、動作、行動、気持ち,ドロップス/202022死ぬ.gif,assets/images/drop_0188.gif
drop_0189,202023,疲れている,動き・様子,ことば・状態,疲れている、動き・様子、ことば・状態、202023、動作、行動、気持ち,ドロップス/202023疲れている.gif,assets/images/drop_0189.gif
drop_0190,202024,○,動き・様子,ことば・状態,○、動き・様子、ことば・状態、202024、動作、行動、気持ち,ドロップス/202024○.gif,assets/images/drop_0190.gif
drop_0191,202025,×,動き・様子,ことば・状態,×、動き・様子、ことば・状態、202025、動作、行動、気持ち,ドロップス/202025×.gif,assets/images/drop_0191.gif
drop_0192,202030,多い,動き・様子,ことば・状態,多い、動き・様子、ことば・状態、202030、たくさん、大勢、多数、動作、行動、気持ち,ドロップス/202030多い.gif,assets/images/drop_0192.gif
drop_0193,202031,少ない,動き・様子,ことば・状態,少ない、動き・様子、ことば・状態、202031、動作、行動、気持ち,ドロップス/202031少ない.gif,assets/images/drop_0193.gif
drop_0194,202032,長い,動き・様子,ことば・状態,長い、動き・様子、ことば・状態、202032、動作、行動、気持ち,ドロップス/202032長い.gif,assets/images/drop_0194.gif
drop_0195,202033,短い,動き・様子,ことば・状態,短い、動き・様子、ことば・状態、202033、動作、行動、気持ち,ドロップス/202033短い.gif,assets/images/drop_0195.gif
drop_0196,202034,高い,動き・様子,ことば・状態,高い、動き・様子、ことば・状態、202034、高価、たかい、動作、行動、気持ち,ドロップス/202034高い.gif,assets/images/drop_0196.gif
drop_0197,202035,低い,動き・様子,ことば・状態,低い、動き・様子、ことば・状態、202035、動作、行動、気持ち,ドロップス/202035低い.gif,assets/images/drop_0197.gif
drop_0198,202036,太い,動き・様子,ことば・状態,太い、動き・様子、ことば・状態、202036、動作、行動、気持ち,ドロップス/202036太い.gif,assets/images/drop_0198.gif
drop_0199,202037,細い,動き・様子,ことば・状態,細い、動き・様子、ことば・状態、202037、動作、行動、気持ち,ドロップス/202037細い.gif,assets/images/drop_0199.gif
drop_0200,202038,重い,動き・様子,ことば・状態,重い、動き・様子、ことば・状態、202038、動作、行動、気持ち,ドロップス/202038重い.gif,assets/images/drop_0200.gif
drop_0201,202039,軽い,動き・様子,ことば・状態,軽い、動き・様子、ことば・状態、202039、動作、行動、気持ち,ドロップス/202039軽い.gif,assets/images/drop_0201.gif
drop_0202,202040,遠い,動き・様子,ことば・状態,遠い、動き・様子、ことば・状態、202040、動作、行動、気持ち,ドロップス/202040遠い.gif,assets/images/drop_0202.gif
drop_0203,202041,近い,動き・様子,ことば・状態,近い、動き・様子、ことば・状態、202041、動作、行動、気持ち,ドロップス/202041近い.gif,assets/images/drop_0203.gif
drop_0204,202042,太っている,動き・様子,ことば・状態,太っている、動き・様子、ことば・状態、202042、動作、行動、気持ち,ドロップス/202042太っている.gif,assets/images/drop_0204.gif
drop_0205,202043,やせている,動き・様子,ことば・状態,やせている、せている、動き・様子、ことば・状態、202043、動作、行動、気持ち,ドロップス/202043やせている.gif,assets/images/drop_0205.gif
drop_0206,202044,終わり,動き・様子,ことば・状態,終わり、動き・様子、ことば・状態、202044、動作、行動、気持ち,ドロップス/202044終わり.png,assets/images/drop_0206.png
drop_0207,202045,美しい,動き・様子,ことば・状態,美しい、動き・様子、ことば・状態、202045、動作、行動、気持ち,ドロップス/202045美しい.png,assets/images/drop_0207.png
drop_0208,203001,聞く,動き・様子,基本動作,聞く、動き・様子、基本動作、203001、きく、動作、行動、気持ち,ドロップス/203001聞く.gif,assets/images/drop_0208.gif
drop_0209,203002,話す,動き・様子,基本動作,話す、動き・様子、基本動作、203002、はなす、しゃべる、動作、行動、気持ち,ドロップス/203002話す.gif,assets/images/drop_0209.gif
drop_0210,203003,見る,動き・様子,基本動作,見る、動き・様子、基本動作、203003、みる、動作、行動、気持ち,ドロップス/203003見る.gif,assets/images/drop_0210.gif
drop_0211,203004,食べる,動き・様子,基本動作,食べる、動き・様子、基本動作、203004、食事、たべる、動作、行動、気持ち,ドロップス/203004食べる.gif,assets/images/drop_0211.gif
drop_0212,203005,飲む,動き・様子,基本動作,飲む、動き・様子、基本動作、203005、のむ、動作、行動、気持ち,ドロップス/203005飲む.gif,assets/images/drop_0212.gif
drop_0213,203006,立つ,動き・様子,基本動作,立つ、動き・様子、基本動作、203006、たつ、動作、行動、気持ち,ドロップス/203006立つ.gif,assets/images/drop_0213.gif
drop_0214,203007,座る,動き・様子,基本動作,座る、動き・様子、基本動作、203007、すわる、動作、行動、気持ち,ドロップス/203007座る.gif,assets/images/drop_0214.gif
drop_0215,203008,歩く,動き・様子,基本動作,歩く、動き・様子、基本動作、203008、あるく、動作、行動、気持ち,ドロップス/203008歩く.gif,assets/images/drop_0215.gif
drop_0216,203009,走る,動き・様子,基本動作,走る、動き・様子、基本動作、203009、はしる、マラソン、動作、行動、気持ち,ドロップス/203009走る.gif,assets/images/drop_0216.gif
drop_0217,203010,起きる,動き・様子,基本動作,起きる、動き・様子、基本動作、203010、起床、おきる、動作、行動、気持ち,ドロップス/203010起きる.gif,assets/images/drop_0217.gif
drop_0218,203011,寝る,動き・様子,基本動作,寝る、動き・様子、基本動作、203011、ねる、就寝、動作、行動、気持ち,ドロップス/203011寝る.gif,assets/images/drop_0218.gif
drop_0219,203012,あたえる,動き・様子,基本動作,あたえる、動き・様子、基本動作、203012、渡す、あげる、動作、行動、気持ち,ドロップス/203012あたえる.gif,assets/images/drop_0219.gif
drop_0220,203013,もらう,動き・様子,基本動作,もらう、動き・様子、基本動作、203013、受け取る、動作、行動、気持ち,ドロップス/203013もらう.gif,assets/images/drop_0220.gif
drop_0221,203014,風呂に入る,動き・様子,基本動作,風呂に入る、風呂、入る、動き・様子、基本動作、203014、入浴、おふろ、動作、行動、気持ち,ドロップス/203014風呂に入る.gif,assets/images/drop_0221.gif
drop_0222,203015,顔を洗う,動き・様子,基本動作,顔を洗う、顔、洗う、動き・様子、基本動作、203015、洗顔、フェイス、かお、動作、行動、気持ち,ドロップス/203015顔を洗う.gif,assets/images/drop_0222.gif
drop_0223,203016,手を洗う,動き・様子,基本動作,手を洗う、手、洗う、動き・様子、基本動作、203016、手洗い、て、動作、行動、気持ち,ドロップス/203016手を洗う.gif,assets/images/drop_0223.gif
drop_0224,203017,開ける,動き・様子,基本動作,開ける、動き・様子、基本動作、203017、あける、動作、行動、気持ち,ドロップス/203017開ける.gif,assets/images/drop_0224.gif
drop_0225,203018,閉める,動き・様子,基本動作,閉める、動き・様子、基本動作、203018、しめる、動作、行動、気持ち,ドロップス/203018閉める.gif,assets/images/drop_0225.gif
drop_0226,203019,着る,動き・様子,基本動作,着る、動き・様子、基本動作、203019、きる、動作、行動、気持ち,ドロップス/203019着る.gif,assets/images/drop_0226.gif
drop_0227,203020,脱ぐ,動き・様子,基本動作,脱ぐ、動き・様子、基本動作、203020、ぬぐ、動作、行動、気持ち,ドロップス/203020脱ぐ.gif,assets/images/drop_0227.gif
drop_0228,203021,履く(靴を),動き・様子,基本動作,履く(靴を)、履く、靴を、靴、動き・様子、基本動作、203021、シューズ、くつ、動作、行動、気持ち,ドロップス/203021履く(靴を).gif,assets/images/drop_0228.gif
drop_0229,203022,脱ぐ(靴を),動き・様子,基本動作,脱ぐ(靴を)、脱ぐ、靴を、靴、動き・様子、基本動作、203022、ぬぐ、くつ、シューズ、動作、行動、気持ち,ドロップス/203022脱ぐ(靴を).gif,assets/images/drop_0229.gif
drop_0230,203023,置く,動き・様子,基本動作,置く、動き・様子、基本動作、203023、動作、行動、気持ち,ドロップス/203023置く.gif,assets/images/drop_0230.gif
drop_0231,203024,取る,動き・様子,基本動作,取る、動き・様子、基本動作、203024、動作、行動、気持ち,ドロップス/203024取る.gif,assets/images/drop_0231.gif
drop_0232,203025,行く,動き・様子,基本動作,行く、動き・様子、基本動作、203025、動作、行動、気持ち,ドロップス/203025行く.gif,assets/images/drop_0232.gif
drop_0233,203026,来る,動き・様子,基本動作,来る、動き・様子、基本動作、203026、動作、行動、気持ち,ドロップス/203026来る.gif,assets/images/drop_0233.gif
drop_0234,203027,探す,動き・様子,基本動作,探す、動き・様子、基本動作、203027、動作、行動、気持ち,ドロップス/203027探す.gif,assets/images/drop_0234.gif
drop_0235,203028,休む(休憩する)(男子),動き・様子,基本動作,休む(休憩する)(男子)、休む、休憩する、男子、休憩、動き・様子、基本動作、203028、男、おとこ、男性、だんし、メンズ、だんせい、動作、行動、気持ち,ドロップス/203028休む(休憩する)(男子).gif,assets/images/drop_0235.gif
drop_0236,203029,落ちる,動き・様子,基本動作,落ちる、動き・様子、基本動作、203029、動作、行動、気持ち,ドロップス/203029落ちる.gif,assets/images/drop_0236.gif
drop_0237,203030,捨てる,動き・様子,基本動作,捨てる、動き・様子、基本動作、203030、動作、行動、気持ち,ドロップス/203030捨てる.gif,assets/images/drop_0237.gif
drop_0238,203031,拾う,動き・様子,基本動作,拾う、動き・様子、基本動作、203031、動作、行動、気持ち,ドロップス/203031拾う.gif,assets/images/drop_0238.gif
drop_0239,203032,押す,動き・様子,基本動作,押す、動き・様子、基本動作、203032、動作、行動、気持ち,ドロップス/203032押す.gif,assets/images/drop_0239.gif
drop_0240,203033,引く,動き・様子,基本動作,引く、動き・様子、基本動作、203033、動作、行動、気持ち,ドロップス/203033引く.gif,assets/images/drop_0240.gif
drop_0241,203034,乗る,動き・様子,基本動作,乗る、動き・様子、基本動作、203034、動作、行動、気持ち,ドロップス/203034乗る.gif,assets/images/drop_0241.gif
drop_0242,203035,降りる,動き・様子,基本動作,降りる、動き・様子、基本動作、203035、動作、行動、気持ち,ドロップス/203035降りる.gif,assets/images/drop_0242.gif
drop_0243,203036,結ぶ,動き・様子,基本動作,結ぶ、動き・様子、基本動作、203036、動作、行動、気持ち,ドロップス/203036結ぶ.gif,assets/images/drop_0243.gif
drop_0244,203037,かむ,動き・様子,基本動作,かむ、動き・様子、基本動作、203037、動作、行動、気持ち,ドロップス/203037かむ.gif,assets/images/drop_0244.gif
drop_0245,203038,吹く,動き・様子,基本動作,吹く、動き・様子、基本動作、203038、動作、行動、気持ち,ドロップス/203038吹く.gif,assets/images/drop_0245.gif
drop_0246,203041,触れる,動き・様子,基本動作,触れる、動き・様子、基本動作、203041、動作、行動、気持ち,ドロップス/203041触れる.gif,assets/images/drop_0246.gif
drop_0247,203042,指差す,動き・様子,基本動作,指差す、動き・様子、基本動作、203042、動作、行動、気持ち,ドロップス/203042指差す.gif,assets/images/drop_0247.gif
drop_0248,203043,入れる,動き・様子,基本動作,入れる、動き・様子、基本動作、203043、動作、行動、気持ち,ドロップス/203043入れる.gif,assets/images/drop_0248.gif
drop_0249,203045,投げる,動き・様子,基本動作,投げる、動き・様子、基本動作、203045、動作、行動、気持ち,ドロップス/203045投げる.gif,assets/images/drop_0249.gif
drop_0250,203048,上る(台に),動き・様子,基本動作,上る(台に)、上る、台に、動き・様子、基本動作、203048、動作、行動、気持ち,ドロップス/203048上る(台に).gif,assets/images/drop_0250.gif
drop_0251,203049,降りる(台から),動き・様子,基本動作,降りる(台から)、降りる、台から、動き・様子、基本動作、203049、動作、行動、気持ち,ドロップス/203049降りる(台から).gif,assets/images/drop_0251.gif
drop_0252,203051,蹴る,動き・様子,基本動作,蹴る、動き・様子、基本動作、203051、動作、行動、気持ち,ドロップス/203051蹴る.gif,assets/images/drop_0252.gif
drop_0253,203053,入る,動き・様子,基本動作,入る、動き・様子、基本動作、203053、動作、行動、気持ち,ドロップス/203053入る.gif,assets/images/drop_0253.gif
drop_0254,203054,出る,動き・様子,基本動作,出る、動き・様子、基本動作、203054、動作、行動、気持ち,ドロップス/203054出る.gif,assets/images/drop_0254.gif
drop_0255,203056,転ぶ,動き・様子,基本動作,転ぶ、動き・様子、基本動作、203056、動作、行動、気持ち,ドロップス/203056転ぶ.gif,assets/images/drop_0255.gif
drop_0256,203057,隠れる,動き・様子,基本動作,隠れる、動き・様子、基本動作、203057、動作、行動、気持ち,ドロップス/203057隠れる.gif,assets/images/drop_0256.gif
drop_0257,203058,休む(眠る),動き・様子,基本動作,休む(眠る)、休む、眠る、動き・様子、基本動作、203058、動作、行動、気持ち,ドロップス/203058休む(眠る).gif,assets/images/drop_0257.gif
drop_0258,203059,礼(お辞儀)をする,動き・様子,基本動作,礼(お辞儀)をする、礼をする、お辞儀、礼、する、礼を、礼(お辞儀)を、動き・様子、基本動作、203059、動作、行動、気持ち,ドロップス/203059礼(お辞儀)をする.gif,assets/images/drop_0258.gif
drop_0259,203060,歯を磨く,動き・様子,基本動作,歯を磨く、歯、磨く、動き・様子、基本動作、203060、は、動作、行動、気持ち,ドロップス/203060歯を磨く.gif,assets/images/drop_0259.gif
drop_0260,203061,うがいをする(ガラガラ),動き・様子,基本動作,うがいをする(ガラガラ)、うがいをする、ガラガラ、う、い、する、うがいを、動き・様子、基本動作、203061、動作、行動、気持ち,ドロップス/203061うがいをする(ガラガラ).gif,assets/images/drop_0260.gif
drop_0261,203062,うがいをする(ブクブク)(男子),動き・様子,基本動作,うがいをする(ブクブク)(男子)、うがいをする、ブクブク、男子、う、い、する、うがいを、動き・様子、基本動作、203062、男、おとこ、男性、だんし、メンズ、だんせい、動作、行動、気持ち,ドロップス/203062うがいをする(ブクブク)(男子).gif,assets/images/drop_0261.gif
drop_0262,203063,開ける(窓を),動き・様子,基本動作,開ける(窓を)、開ける、窓を、窓、動き・様子、基本動作、203063、あける、動作、行動、気持ち,ドロップス/203063開ける(窓を).gif,assets/images/drop_0262.gif
drop_0263,203064,閉める(窓を),動き・様子,基本動作,閉める(窓を)、閉める、窓を、窓、動き・様子、基本動作、203064、しめる、動作、行動、気持ち,ドロップス/203064閉める(窓を).gif,assets/images/drop_0263.gif
drop_0264,203065,履く(靴下を),動き・様子,基本動作,履く(靴下を)、履く、靴下を、靴下、動き・様子、基本動作、203065、くつした、ソックス、動作、行動、気持ち,ドロップス/203065履く(靴下を).gif,assets/images/drop_0264.gif
drop_0265,203066,脱ぐ(靴下を),動き・様子,基本動作,脱ぐ(靴下を)、脱ぐ、靴下を、靴下、動き・様子、基本動作、203066、ソックス、ぬぐ、くつした、動作、行動、気持ち,ドロップス/203066脱ぐ(靴下を).gif,assets/images/drop_0265.gif
drop_0266,203068,並べる,動き・様子,基本動作,並べる、動き・様子、基本動作、203068、動作、行動、気持ち,ドロップス/203068並べる.gif,assets/images/drop_0266.gif
drop_0267,203069,分ける,動き・様子,基本動作,分ける、動き・様子、基本動作、203069、動作、行動、気持ち,ドロップス/203069分ける.gif,assets/images/drop_0267.gif
drop_0268,203071,絞る,動き・様子,基本動作,絞る、動き・様子、基本動作、203071、動作、行動、気持ち,ドロップス/203071絞る.gif,assets/images/drop_0268.gif
drop_0269,203087,園児服を着る(1),動き・様子,基本動作,園児服を着る(1)、園児服を着る、1、園児服、着る、動き・様子、基本動作、203087、きる、一、いち、動作、行動、気持ち,ドロップス/203087園児服を着る(1).png,assets/images/drop_0269.png
drop_0270,203088,園児服を着る(2),動き・様子,基本動作,園児服を着る(2)、園児服を着る、2、園児服、着る、動き・様子、基本動作、203088、きる、に、二、動作、行動、気持ち,ドロップス/203088園児服を着る(2).png,assets/images/drop_0270.png
drop_0271,203089,園児服を着る(3),動き・様子,基本動作,園児服を着る(3)、園児服を着る、3、園児服、着る、動き・様子、基本動作、203089、きる、三、さん、動作、行動、気持ち,ドロップス/203089園児服を着る(3).png,assets/images/drop_0271.png
drop_0272,203090,園児服を着る(4),動き・様子,基本動作,園児服を着る(4)、園児服を着る、4、園児服、着る、動き・様子、基本動作、203090、きる、よん、四、し、動作、行動、気持ち,ドロップス/203090園児服を着る(4).png,assets/images/drop_0272.png
drop_0273,203091,園児服を着る(5),動き・様子,基本動作,園児服を着る(5)、園児服を着る、5、園児服、着る、動き・様子、基本動作、203091、きる、五、ご、動作、行動、気持ち,ドロップス/203091園児服を着る(5).png,assets/images/drop_0273.png
drop_0274,203092,園児帽をかぶる(1),動き・様子,基本動作,園児帽をかぶる(1)、園児帽をかぶる、1、園児帽、かぶる、動き・様子、基本動作、203092、一、いち、動作、行動、気持ち,ドロップス/203092園児帽をかぶる(1).png,assets/images/drop_0274.png
drop_0275,203093,園児帽をかぶる(2),動き・様子,基本動作,園児帽をかぶる(2)、園児帽をかぶる、2、園児帽、かぶる、動き・様子、基本動作、203093、に、二、動作、行動、気持ち,ドロップス/203093園児帽をかぶる(2).png,assets/images/drop_0275.png
drop_0276,203094,園児帽をかぶる(3),動き・様子,基本動作,園児帽をかぶる(3)、園児帽をかぶる、3、園児帽、かぶる、動き・様子、基本動作、203094、三、さん、動作、行動、気持ち,ドロップス/203094園児帽をかぶる(3).png,assets/images/drop_0276.png
drop_0277,203095,園児帽をかぶる(4),動き・様子,基本動作,園児帽をかぶる(4)、園児帽をかぶる、4、園児帽、かぶる、動き・様子、基本動作、203095、よん、四、し、動作、行動、気持ち,ドロップス/203095園児帽をかぶる(4).png,assets/images/drop_0277.png
drop_0278,203096,園児帽をかぶる(5),動き・様子,基本動作,園児帽をかぶる(5)、園児帽をかぶる、5、園児帽、かぶる、動き・様子、基本動作、203096、五、ご、動作、行動、気持ち,ドロップス/203096園児帽をかぶる(5).png,assets/images/drop_0278.png
drop_0279,203097,寝る(布団で),動き・様子,基本動作,寝る(布団で)、寝る、布団で、動き・様子、基本動作、203097、ねる、就寝、動作、行動、気持ち,ドロップス/203097寝る(布団で).png,assets/images/drop_0279.png
drop_0280,203098,寝る(ベッドで),動き・様子,基本動作,寝る(ベッドで)、寝る、ベッドで、動き・様子、基本動作、203098、ねる、就寝、動作、行動、気持ち,ドロップス/203098寝る(ベッドで).png,assets/images/drop_0280.png
drop_0281,203099,トイレに行く,動き・様子,基本動作,トイレに行く、トイレ、行く、動き・様子、基本動作、203099、お手洗い、WC、便所、動作、行動、気持ち,ドロップス/203099トイレに行く.png,assets/images/drop_0281.png
drop_0282,203100,ひげを剃る,動き・様子,基本動作,ひげを剃る、ひげ、剃る、動き・様子、基本動作、203100、動作、行動、気持ち,ドロップス/203100ひげを剃る.png,assets/images/drop_0282.png
drop_0283,203101,園児帽をかぶる(6),動き・様子,基本動作,園児帽をかぶる(6)、園児帽をかぶる、6、園児帽、かぶる、動き・様子、基本動作、203101、ろく、六、動作、行動、気持ち,ドロップス/203101園児帽をかぶる(6).png,assets/images/drop_0283.png
drop_0284,203102,冬用の帽子をかぶる,動き・様子,基本動作,冬用の帽子をかぶる、冬用、帽子、かぶる、動き・様子、基本動作、203102、動作、行動、気持ち,ドロップス/203102冬用の帽子をかぶる.png,assets/images/drop_0284.png
drop_0285,203103,ボタンを通す,動き・様子,基本動作,ボタンを通す、ボタン、通す、動き・様子、基本動作、203103、動作、行動、気持ち,ドロップス/203103ボタンを通す.png,assets/images/drop_0285.png
drop_0286,203104,積む,動き・様子,基本動作,積む、動き・様子、基本動作、203104、動作、行動、気持ち,ドロップス/203104積む.png,assets/images/drop_0286.png
drop_0287,203105,こぼす,動き・様子,基本動作,こぼす、動き・様子、基本動作、203105、動作、行動、気持ち,ドロップス/203105こぼす.png,assets/images/drop_0287.png
drop_0288,203106,割れる,動き・様子,基本動作,割れる、動き・様子、基本動作、203106、動作、行動、気持ち,ドロップス/203106割れる.png,assets/images/drop_0288.png
drop_0289,203107,上る(段差を),動き・様子,基本動作,上る(段差を)、上る、段差を、段差、動き・様子、基本動作、203107、動作、行動、気持ち,ドロップス/203107上る(段差を).png,assets/images/drop_0289.png
drop_0290,203108,起床する(布団で),動き・様子,基本動作,起床する(布団で)、起床する、布団で、起床、動き・様子、基本動作、203108、起きる、おきる、動作、行動、気持ち,ドロップス/203108起床する(布団で).png,assets/images/drop_0290.png
drop_0291,203109,起床する(ベッドで),動き・様子,基本動作,起床する(ベッドで)、起床する、ベッドで、起床、動き・様子、基本動作、203109、起きる、おきる、動作、行動、気持ち,ドロップス/203109起床する(ベッドで).png,assets/images/drop_0291.png
drop_0292,203110,昼寝する,動き・様子,基本動作,昼寝する、昼寝、動き・様子、基本動作、203110、動作、行動、気持ち,ドロップス/203110昼寝する.png,assets/images/drop_0292.png
drop_0293,203111,爪を切る,動き・様子,基本動作,爪を切る、爪、切る、動き・様子、基本動作、203111、きる、動作、行動、気持ち,ドロップス/203111爪を切る.png,assets/images/drop_0293.png
drop_0294,203112,鼻をかむ,動き・様子,基本動作,鼻をかむ、鼻、かむ、動き・様子、基本動作、203112、はな、動作、行動、気持ち,ドロップス/203112鼻をかむ.png,assets/images/drop_0294.png
drop_0295,203113,鼻を拭く,動き・様子,基本動作,鼻を拭く、鼻、拭く、動き・様子、基本動作、203113、はな、動作、行動、気持ち,ドロップス/203113鼻を拭く.png,assets/images/drop_0295.png
drop_0296,203114,散髪する(男子),動き・様子,基本動作,散髪する(男子)、散髪する、男子、散髪、動き・様子、基本動作、203114、男、おとこ、男性、だんし、メンズ、だんせい、動作、行動、気持ち,ドロップス/203114散髪する(男子).png,assets/images/drop_0296.png
drop_0297,203115,散髪する(女子),動き・様子,基本動作,散髪する(女子)、散髪する、女子、散髪、動き・様子、基本動作、203115、おんな、女性、女、レディース、じょせい、じょし、動作、行動、気持ち,ドロップス/203115散髪する(女子).png,assets/images/drop_0297.png
drop_0298,203116,髪を洗う(男子),動き・様子,基本動作,髪を洗う(男子)、髪を洗う、男子、髪、洗う、動き・様子、基本動作、203116、男、おとこ、男性、かみ、だんし、メンズ、髪の毛、ヘア、だんせい、動作、行動、気持ち,ドロップス/203116髪を洗う(男子).png,assets/images/drop_0298.png
drop_0299,203117,髪を洗う(女子),動き・様子,基本動作,髪を洗う(女子)、髪を洗う、女子、髪、洗う、動き・様子、基本動作、203117、おんな、女性、かみ、女、レディース、じょせい、髪の毛、ヘア、じょし、動作、行動、気持ち,ドロップス/203117髪を洗う(女子).png,assets/images/drop_0299.png
drop_0300,203118,髪を乾かす(男子),動き・様子,基本動作,髪を乾かす(男子)、髪を乾かす、男子、髪、乾かす、動き・様子、基本動作、203118、男、おとこ、男性、かみ、だんし、メンズ、髪の毛、ヘア、だんせい、動作、行動、気持ち,ドロップス/203118髪を乾かす(男子).png,assets/images/drop_0300.png
drop_0301,203119,髪を乾かす(女子),動き・様子,基本動作,髪を乾かす(女子)、髪を乾かす、女子、髪、乾かす、動き・様子、基本動作、203119、おんな、女性、かみ、女、レディース、じょせい、髪の毛、ヘア、じょし、動作、行動、気持ち,ドロップス/203119髪を乾かす(女子).png,assets/images/drop_0301.png
drop_0302,203120,髪をとかす(男子),動き・様子,基本動作,髪をとかす(男子)、髪をとかす、男子、髪、かす、動き・様子、基本動作、203120、男、おとこ、男性、かみ、だんし、メンズ、髪の毛、ヘア、だんせい、動作、行動、気持ち,ドロップス/203120髪をとかす(男子).png,assets/images/drop_0302.png
drop_0303,203121,髪をとかす(女子),動き・様子,基本動作,髪をとかす(女子)、髪をとかす、女子、髪、かす、動き・様子、基本動作、203121、おんな、女性、かみ、女、レディース、じょせい、髪の毛、ヘア、じょし、動作、行動、気持ち,ドロップス/203121髪をとかす(女子).png,assets/images/drop_0303.png
drop_0304,203122,髪をしばる,動き・様子,基本動作,髪をしばる、髪、しばる、動き・様子、基本動作、203122、髪の毛、かみ、ヘア、動作、行動、気持ち,ドロップス/203122髪をしばる.png,assets/images/drop_0304.png
drop_0305,203123,シャツが出ている(前)(男子),動き・様子,基本動作,シャツが出ている(前)(男子)、シャツが出ている、前、男子、シャツ、出ている、動き・様子、基本動作、203123、男、おとこ、男性、まえ、だんし、メンズ、だんせい、動作、行動、気持ち,ドロップス/203123シャツが出ている(前)(男子).png,assets/images/drop_0305.png
drop_0306,203124,シャツが出ている(前)(女子),動き・様子,基本動作,シャツが出ている(前)(女子)、シャツが出ている、前、女子、シャツ、出ている、動き・様子、基本動作、203124、おんな、まえ、女性、女、レディース、じょせい、じょし、動作、行動、気持ち,ドロップス/203124シャツが出ている(前)(女子).png,assets/images/drop_0306.png
drop_0307,203125,シャツが出ている(後ろ)(男子),動き・様子,基本動作,シャツが出ている(後ろ)(男子)、シャツが出ている、後ろ、男子、シャツ、出ている、動き・様子、基本動作、203125、男、おとこ、男性、だんし、メンズ、だんせい、うしろ、動作、行動、気持ち,ドロップス/203125シャツが出ている(後ろ)(男子).png,assets/images/drop_0307.png
drop_0308,203126,シャツが出ている(後ろ)(女子),動き・様子,基本動作,シャツが出ている(後ろ)(女子)、シャツが出ている、後ろ、女子、シャツ、出ている、動き・様子、基本動作、203126、おんな、女性、女、レディース、じょせい、じょし、うしろ、動作、行動、気持ち,ドロップス/203126シャツが出ている(後ろ)(女子).png,assets/images/drop_0308.png
drop_0309,203127,シャツを入れる(前)(男子),動き・様子,基本動作,シャツを入れる(前)(男子)、シャツを入れる、前、男子、シャツ、入れる、動き・様子、基本動作、203127、男、おとこ、男性、まえ、だんし、メンズ、だんせい、動作、行動、気持ち,ドロップス/203127シャツを入れる(前)(男子).png,assets/images/drop_0309.png
drop_0310,203128,シャツを入れる(前)(女子),動き・様子,基本動作,シャツを入れる(前)(女子)、シャツを入れる、前、女子、シャツ、入れる、動き・様子、基本動作、203128、おんな、まえ、女性、女、レディース、じょせい、じょし、動作、行動、気持ち,ドロップス/203128シャツを入れる(前)(女子).png,assets/images/drop_0310.png
drop_0311,203129,シャツを入れる(後ろ)(男子),動き・様子,基本動作,シャツを入れる(後ろ)(男子)、シャツを入れる、後ろ、男子、シャツ、入れる、動き・様子、基本動作、203129、男、おとこ、男性、だんし、メンズ、だんせい、うしろ、動作、行動、気持ち,ドロップス/203129シャツを入れる(後ろ)(男子).png,assets/images/drop_0311.png
drop_0312,203130,シャツを入れる(後ろ)(女子),動き・様子,基本動作,シャツを入れる(後ろ)(女子)、シャツを入れる、後ろ、女子、シャツ、入れる、動き・様子、基本動作、203130、おんな、女性、女、レディース、じょせい、じょし、うしろ、動作、行動、気持ち,ドロップス/203130シャツを入れる(後ろ)(女子).png,assets/images/drop_0312.png
drop_0313,203131,電車に乗る,動き・様子,基本動作,電車に乗る、電車、乗る、動き・様子、基本動作、203131、でんしゃ、動作、行動、気持ち,ドロップス/203131電車に乗る.png,assets/images/drop_0313.png
drop_0314,203132,電車を降りる,動き・様子,基本動作,電車を降りる、電車、降りる、動き・様子、基本動作、203132、でんしゃ、動作、行動、気持ち,ドロップス/203132電車を降りる.png,assets/images/drop_0314.png
drop_0315,203133,ジャンプする,動き・様子,基本動作,ジャンプする、ジャンプ、動き・様子、基本動作、203133、動作、行動、気持ち,ドロップス/203133ジャンプする.png,assets/images/drop_0315.png
drop_0316,203134,石鹸で手を洗う,動き・様子,基本動作,石鹸で手を洗う、石鹸、手、洗う、動き・様子、基本動作、203134、て、せっけん、動作、行動、気持ち,ドロップス/203134石鹸で手を洗う.png,assets/images/drop_0316.png
drop_0317,203135,化粧する,動き・様子,基本動作,化粧する、化粧、動き・様子、基本動作、203135、動作、行動、気持ち,ドロップス/203135化粧する.png,assets/images/drop_0317.png
drop_0318,203136,スボンをはく(男子),動き・様子,基本動作,スボンをはく(男子)、スボンをはく、男子、スボン、はく、動き・様子、基本動作、203136、男、おとこ、男性、だんし、メンズ、だんせい、動作、行動、気持ち,ドロップス/203136スボンをはく(男子).png,assets/images/drop_0318.png
drop_0319,203137,スボンをはく(女子),動き・様子,基本動作,スボンをはく(女子)、スボンをはく、女子、スボン、はく、動き・様子、基本動作、203137、おんな、女性、女、レディース、じょせい、じょし、動作、行動、気持ち,ドロップス/203137スボンをはく(女子).png,assets/images/drop_0319.png
drop_0320,203138,毛糸のパンツをはく(女子),動き・様子,基本動作,毛糸のパンツをはく(女子)、毛糸のパンツをはく、女子、毛糸、パンツ、はく、動き・様子、基本動作、203138、おんな、ズボン、女性、女、レディース、じょせい、じょし、動作、行動、気持ち,ドロップス/203138毛糸のパンツをはく(女子).png,assets/images/drop_0320.png
drop_0321,203139,カイロを貼る(女子),動き・様子,基本動作,カイロを貼る(女子)、カイロを貼る、女子、カイロ、貼る、動き・様子、基本動作、203139、おんな、女性、女、レディース、じょせい、じょし、動作、行動、気持ち,ドロップス/203139カイロを貼る(女子).png,assets/images/drop_0321.png
drop_0322,203140,休む(休憩する)(女子),動き・様子,基本動作,休む(休憩する)(女子)、休む、休憩する、女子、休憩、動き・様子、基本動作、203140、おんな、女性、女、レディース、じょせい、じょし、動作、行動、気持ち,ドロップス/203140休む(休憩する)(女子).png,assets/images/drop_0322.png
drop_0323,203141,背もたれ付き椅子に座る(女子),動き・様子,基本動作,背もたれ付き椅子に座る(女子)、背もたれ付き椅子に座る、女子、背もたれ付き椅子、座る、動き・様子、基本動作、203141、おんな、女性、すわる、女、レディース、じょせい、じょし、動作、行動、気持ち,ドロップス/203141背もたれ付き椅子に座る(女子).png,assets/images/drop_0323.png
drop_0324,203142,背もたれ付き椅子から立つ(女子),動き・様子,基本動作,背もたれ付き椅子から立つ(女子)、背もたれ付き椅子から立つ、女子、背もたれ付き椅子、立つ、動き・様子、基本動作、203142、おんな、たつ、女性、女、レディース、じょせい、じょし、動作、行動、気持ち,ドロップス/203142背もたれ付き椅子から立つ(女子).png,assets/images/drop_0324.png
drop_0325,203143,散髪布をかける(女子),動き・様子,基本動作,散髪布をかける(女子)、散髪布をかける、女子、散髪布、かける、動き・様子、基本動作、203143、おんな、女性、女、レディース、じょせい、じょし、動作、行動、気持ち,ドロップス/203143散髪布をかける(女子).png,assets/images/drop_0325.png
drop_0326,204001,こんにちは,動き・様子,生活動作・活動,こんにちは、こん、ちは、動き・様子、生活動作・活動、204001、挨拶、あいさつ、動作、行動、気持ち,ドロップス/204001こんにちは.gif,assets/images/drop_0326.gif
drop_0327,204002,さようなら,動き・様子,生活動作・活動,さようなら、動き・様子、生活動作・活動、204002、バイバイ、動作、行動、気持ち,ドロップス/204002さようなら.gif,assets/images/drop_0327.gif
drop_0328,204003,感謝する,動き・様子,生活動作・活動,感謝する、感謝、動き・様子、生活動作・活動、204003、ありがとう、お礼、動作、行動、気持ち,ドロップス/204003感謝する.gif,assets/images/drop_0328.gif
drop_0329,204004,謝る,動き・様子,生活動作・活動,謝る、動き・様子、生活動作・活動、204004、謝罪、ごめんなさい、動作、行動、気持ち,ドロップス/204004謝る.gif,assets/images/drop_0329.gif
drop_0330,204005,歌う,動き・様子,生活動作・活動,歌う、動き・様子、生活動作・活動、204005、うたう、動作、行動、気持ち,ドロップス/204005歌う.gif,assets/images/drop_0330.gif
drop_0331,204006,読む,動き・様子,生活動作・活動,読む、動き・様子、生活動作・活動、204006、よむ、動作、行動、気持ち,ドロップス/204006読む.gif,assets/images/drop_0331.gif
drop_0332,204007,書く,動き・様子,生活動作・活動,書く、動き・様子、生活動作・活動、204007、かく、動作、行動、気持ち,ドロップス/204007書く.gif,assets/images/drop_0332.gif
drop_0333,204008,描く,動き・様子,生活動作・活動,描く、動き・様子、生活動作・活動、204008、えがく、動作、行動、気持ち,ドロップス/204008描く.gif,assets/images/drop_0333.gif
drop_0334,204009,知っている,動き・様子,生活動作・活動,知っている、動き・様子、生活動作・活動、204009、動作、行動、気持ち,ドロップス/204009知っている.gif,assets/images/drop_0334.gif
drop_0335,204010,遊ぶ,動き・様子,生活動作・活動,遊ぶ、動き・様子、生活動作・活動、204010、あそぶ、動作、行動、気持ち,ドロップス/204010遊ぶ.gif,assets/images/drop_0335.gif
drop_0336,204011,勉強する,動き・様子,生活動作・活動,勉強する、勉強、動き・様子、生活動作・活動、204011、べんきょう、学習、動作、行動、気持ち,ドロップス/204011勉強する.gif,assets/images/drop_0336.gif
drop_0337,204012,会う,動き・様子,生活動作・活動,会う、動き・様子、生活動作・活動、204012、あう、動作、行動、気持ち,ドロップス/204012会う.gif,assets/images/drop_0337.gif
drop_0338,204013,切る,動き・様子,生活動作・活動,切る、動き・様子、生活動作・活動、204013、きる、動作、行動、気持ち,ドロップス/204013切る.gif,assets/images/drop_0338.gif
drop_0339,204014,燃やす,動き・様子,生活動作・活動,燃やす、燃、す、動き・様子、生活動作・活動、204014、動作、行動、気持ち,ドロップス/204014燃やす.gif,assets/images/drop_0339.gif
drop_0340,204015,買い物をする,動き・様子,生活動作・活動,買い物をする、買い物、する、買い物を、動き・様子、生活動作・活動、204015、動作、行動、気持ち,ドロップス/204015買い物をする.gif,assets/images/drop_0340.gif
drop_0341,204016,運ぶ,動き・様子,生活動作・活動,運ぶ、動き・様子、生活動作・活動、204016、動作、行動、気持ち,ドロップス/204016運ぶ.gif,assets/images/drop_0341.gif
drop_0342,204017,鍵をかける(あける),動き・様子,生活動作・活動,鍵をかける(あける)、鍵をかける、あける、鍵、かける、動き・様子、生活動作・活動、204017、かぎ、開ける、動作、行動、気持ち,ドロップス/204017鍵をかける(あける).gif,assets/images/drop_0342.gif
drop_0343,204018,助ける,動き・様子,生活動作・活動,助ける、動き・様子、生活動作・活動、204018、たすける、動作、行動、気持ち,ドロップス/204018助ける.gif,assets/images/drop_0343.gif
drop_0344,204019,褒める,動き・様子,生活動作・活動,褒める、動き・様子、生活動作・活動、204019、ほめる、動作、行動、気持ち,ドロップス/204019褒める.gif,assets/images/drop_0344.gif
drop_0345,204020,叱る,動き・様子,生活動作・活動,叱る、動き・様子、生活動作・活動、204020、しかる、動作、行動、気持ち,ドロップス/204020叱る.gif,assets/images/drop_0345.gif
drop_0346,204021,働く,動き・様子,生活動作・活動,働く、動き・様子、生活動作・活動、204021、動作、行動、気持ち,ドロップス/204021働く.gif,assets/images/drop_0346.gif
drop_0347,204022,結婚する,動き・様子,生活動作・活動,結婚する、結婚、動き・様子、生活動作・活動、204022、動作、行動、気持ち,ドロップス/204022結婚する.gif,assets/images/drop_0347.gif
drop_0348,204023,いつ?,動き・様子,生活動作・活動,いつ?、動き・様子、生活動作・活動、204023、動作、行動、気持ち,ドロップス/204023いつ？.gif,assets/images/drop_0348.gif
drop_0349,204024,どこ?,動き・様子,生活動作・活動,どこ?、動き・様子、生活動作・活動、204024、動作、行動、気持ち,ドロップス/204024どこ？.gif,assets/images/drop_0349.gif
drop_0350,204025,誰?,動き・様子,生活動作・活動,誰?、動き・様子、生活動作・活動、204025、動作、行動、気持ち,ドロップス/204025誰？.gif,assets/images/drop_0350.gif
drop_0351,204026,なに?,動き・様子,生活動作・活動,なに?、な、?、動き・様子、生活動作・活動、204026、動作、行動、気持ち,ドロップス/204026なに？.gif,assets/images/drop_0351.gif
drop_0352,204027,縫う,動き・様子,生活動作・活動,縫う、動き・様子、生活動作・活動、204027、動作、行動、気持ち,ドロップス/204027縫う.gif,assets/images/drop_0352.gif
drop_0353,204029,呼ぶ,動き・様子,生活動作・活動,呼ぶ、動き・様子、生活動作・活動、204029、動作、行動、気持ち,ドロップス/204029呼ぶ.gif,assets/images/drop_0353.gif
drop_0354,204030,掘る,動き・様子,生活動作・活動,掘る、動き・様子、生活動作・活動、204030、動作、行動、気持ち,ドロップス/204030掘る.gif,assets/images/drop_0354.gif
drop_0355,204031,植える,動き・様子,生活動作・活動,植える、動き・様子、生活動作・活動、204031、動作、行動、気持ち,ドロップス/204031植える.gif,assets/images/drop_0355.gif
drop_0356,204032,交換する,動き・様子,生活動作・活動,交換する、交換、動き・様子、生活動作・活動、204032、動作、行動、気持ち,ドロップス/204032交換する.gif,assets/images/drop_0356.gif
drop_0357,204033,待つ,動き・様子,生活動作・活動,待つ、動き・様子、生活動作・活動、204033、動作、行動、気持ち,ドロップス/204033待つ.gif,assets/images/drop_0357.gif
drop_0358,204034,考える,動き・様子,生活動作・活動,考える、動き・様子、生活動作・活動、204034、動作、行動、気持ち,ドロップス/204034考える.gif,assets/images/drop_0358.gif
drop_0359,204035,わかる,動き・様子,生活動作・活動,わかる、動き・様子、生活動作・活動、204035、動作、行動、気持ち,ドロップス/204035わかる.gif,assets/images/drop_0359.gif
drop_0360,204036,数える,動き・様子,生活動作・活動,数える、動き・様子、生活動作・活動、204036、動作、行動、気持ち,ドロップス/204036数える.gif,assets/images/drop_0360.gif
drop_0361,204042,ノックする,動き・様子,生活動作・活動,ノックする、ノック、動き・様子、生活動作・活動、204042、動作、行動、気持ち,ドロップス/204042ノックする.gif,assets/images/drop_0361.gif
drop_0362,204043,拍手する,動き・様子,生活動作・活動,拍手する、拍手、動き・様子、生活動作・活動、204043、動作、行動、気持ち,ドロップス/204043拍手する.gif,assets/images/drop_0362.gif
drop_0363,204044,水をやる,動き・様子,生活動作・活動,水をやる、水、る、動き・様子、生活動作・活動、204044、みず、動作、行動、気持ち,ドロップス/204044水をやる.gif,assets/images/drop_0363.gif
drop_0364,204045,ダンスする,動き・様子,生活動作・活動,ダンスする、ダンス、動き・様子、生活動作・活動、204045、動作、行動、気持ち,ドロップス/204045ダンスする.gif,assets/images/drop_0364.gif
drop_0365,204046,郵便を出す,動き・様子,生活動作・活動,郵便を出す、郵便、出す、動き・様子、生活動作・活動、204046、動作、行動、気持ち,ドロップス/204046郵便を出す.gif,assets/images/drop_0365.gif
drop_0366,204047,外出する,動き・様子,生活動作・活動,外出する、外出、動き・様子、生活動作・活動、204047、動作、行動、気持ち,ドロップス/204047外出する.gif,assets/images/drop_0366.gif
drop_0367,204048,帰宅する,動き・様子,生活動作・活動,帰宅する、帰宅、動き・様子、生活動作・活動、204048、動作、行動、気持ち,ドロップス/204048帰宅する.gif,assets/images/drop_0367.gif
drop_0368,204049,留守番をする,動き・様子,生活動作・活動,留守番をする、留守番、する、留守番を、動き・様子、生活動作・活動、204049、動作、行動、気持ち,ドロップス/204049留守番をする.gif,assets/images/drop_0368.gif
drop_0369,204050,犬の散歩をする,動き・様子,生活動作・活動,犬の散歩をする、犬、散歩、する、犬の散歩を、動き・様子、生活動作・活動、204050、ドッグ、さんぽ、いぬ、動作、行動、気持ち,ドロップス/204050犬の散歩をする.gif,assets/images/drop_0369.gif
drop_0370,204054,電話相談する,動き・様子,生活動作・活動,電話相談する、電話相談、動き・様子、生活動作・活動、204054、動作、行動、気持ち,ドロップス/204054電話相談する.gif,assets/images/drop_0370.gif
drop_0371,204057,注射をする,動き・様子,生活動作・活動,注射をする、注射、する、注射を、動き・様子、生活動作・活動、204057、動作、行動、気持ち,ドロップス/204057注射をする.gif,assets/images/drop_0371.gif
drop_0372,204059,料理をする,動き・様子,生活動作・活動,料理をする、料理、する、料理を、動き・様子、生活動作・活動、204059、動作、行動、気持ち,ドロップス/204059料理をする.gif,assets/images/drop_0372.gif
drop_0373,204060,掃除をする(1),動き・様子,生活動作・活動,掃除をする(1)、掃除をする、1、掃除、する、掃除を、動き・様子、生活動作・活動、204060、一、いち、動作、行動、気持ち,ドロップス/204060掃除をする(1).gif,assets/images/drop_0373.gif
drop_0374,204061,掃除をする(2),動き・様子,生活動作・活動,掃除をする(2)、掃除をする、2、掃除、する、掃除を、動き・様子、生活動作・活動、204061、に、二、動作、行動、気持ち,ドロップス/204061掃除をする(2).gif,assets/images/drop_0374.gif
drop_0375,204062,トイレ掃除をする,動き・様子,生活動作・活動,トイレ掃除をする、トイレ掃除、する、トイレ掃除を、動き・様子、生活動作・活動、204062、動作、行動、気持ち,ドロップス/204062トイレ掃除をする.gif,assets/images/drop_0375.gif
drop_0376,204063,風呂掃除をする,動き・様子,生活動作・活動,風呂掃除をする、風呂掃除、する、風呂掃除を、動き・様子、生活動作・活動、204063、動作、行動、気持ち,ドロップス/204063風呂掃除をする.gif,assets/images/drop_0376.gif
drop_0377,204064,拭く,動き・様子,生活動作・活動,拭く、動き・様子、生活動作・活動、204064、動作、行動、気持ち,ドロップス/204064拭く.gif,assets/images/drop_0377.gif
drop_0378,204066,ゴミを出す,動き・様子,生活動作・活動,ゴミを出す、ゴミ、出す、動き・様子、生活動作・活動、204066、動作、行動、気持ち,ドロップス/204066ゴミを出す.gif,assets/images/drop_0378.gif
drop_0379,204068,干す,動き・様子,生活動作・活動,干す、動き・様子、生活動作・活動、204068、動作、行動、気持ち,ドロップス/204068干す.gif,assets/images/drop_0379.gif
drop_0380,204069,洗濯物をたたむ,動き・様子,生活動作・活動,洗濯物をたたむ、洗濯物、たたむ、動き・様子、生活動作・活動、204069、動作、行動、気持ち,ドロップス/204069洗濯物をたたむ.gif,assets/images/drop_0380.gif
drop_0381,204070,排尿する(男子),動き・様子,生活動作・活動,排尿する(男子)、排尿する、男子、排尿、動き・様子、生活動作・活動、204070、男、おとこ、男性、だんし、メンズ、だんせい、動作、行動、気持ち,ドロップス/204070排尿する(男子).gif,assets/images/drop_0381.gif
drop_0382,204071,排便する(男子),動き・様子,生活動作・活動,排便する(男子)、排便する、男子、排便、動き・様子、生活動作・活動、204071、男、おとこ、男性、だんし、メンズ、だんせい、動作、行動、気持ち,ドロップス/204071排便する(男子).gif,assets/images/drop_0382.gif
drop_0383,204072,排尿・排便する(女子),動き・様子,生活動作・活動,排尿・排便する(女子)、排尿・排便する、女子、排尿、排便する、排尿・排便、排便、動き・様子、生活動作・活動、204072、おんな、女性、女、レディース、じょせい、じょし、動作、行動、気持ち,ドロップス/204072排尿・排便する(女子).gif,assets/images/drop_0383.gif
drop_0384,204078,約束する,動き・様子,生活動作・活動,約束する、約束、動き・様子、生活動作・活動、204078、動作、行動、気持ち,ドロップス/204078約束する.gif,assets/images/drop_0384.gif
drop_0385,204079,けんかする,動き・様子,生活動作・活動,けんかする、けんか、動き・様子、生活動作・活動、204079、動作、行動、気持ち,ドロップス/204079けんかする.gif,assets/images/drop_0385.gif
drop_0386,204080,あいさつ(総称),動き・様子,生活動作・活動,あいさつ(総称)、あいさつ、総称、動き・様子、生活動作・活動、204080、挨拶、こんにちは、動作、行動、気持ち,ドロップス/204080あいさつ(総称).gif,assets/images/drop_0386.gif
drop_0387,204081,おはよう,動き・様子,生活動作・活動,おはよう、動き・様子、生活動作・活動、204081、動作、行動、気持ち,ドロップス/204081おはよう.gif,assets/images/drop_0387.gif
drop_0388,204082,こんばんは,動き・様子,生活動作・活動,こんばんは、動き・様子、生活動作・活動、204082、動作、行動、気持ち,ドロップス/204082こんばんは.gif,assets/images/drop_0388.gif
drop_0389,204084,おやすみなさい,動き・様子,生活動作・活動,おやすみなさい、お、すみなさい、動き・様子、生活動作・活動、204084、動作、行動、気持ち,ドロップス/204084おやすみなさい.gif,assets/images/drop_0389.gif
drop_0390,204085,ありがとう,動き・様子,生活動作・活動,ありがとう、あり、う、動き・様子、生活動作・活動、204085、お礼、感謝する、動作、行動、気持ち,ドロップス/204085ありがとう.gif,assets/images/drop_0390.gif
drop_0391,204086,ごめんなさい,動き・様子,生活動作・活動,ごめんなさい、動き・様子、生活動作・活動、204086、謝る、謝罪、動作、行動、気持ち,ドロップス/204086ごめんなさい.gif,assets/images/drop_0391.gif
drop_0392,204087,いただきます,動き・様子,生活動作・活動,いただきます、動き・様子、生活動作・活動、204087、動作、行動、気持ち,ドロップス/204087いただきます.gif,assets/images/drop_0392.gif
drop_0393,204088,ごちそうさま,動き・様子,生活動作・活動,ごちそうさま、動き・様子、生活動作・活動、204088、動作、行動、気持ち,ドロップス/204088ごちそうさま.gif,assets/images/drop_0393.gif
drop_0394,204089,おかわりする,動き・様子,生活動作・活動,おかわりする、おかわり、動き・様子、生活動作・活動、204089、動作、行動、気持ち,ドロップス/204089おかわりする.gif,assets/images/drop_0394.gif
drop_0395,204090,もういりません,動き・様子,生活動作・活動,もういりません、動き・様子、生活動作・活動、204090、動作、行動、気持ち,ドロップス/204090もういりません.gif,assets/images/drop_0395.gif
drop_0396,204091,どうぞ,動き・様子,生活動作・活動,どうぞ、動き・様子、生活動作・活動、204091、動作、行動、気持ち,ドロップス/204091どうぞ.gif,assets/images/drop_0396.gif
drop_0397,204093,お願いします,動き・様子,生活動作・活動,お願いします、動き・様子、生活動作・活動、204093、動作、行動、気持ち,ドロップス/204093お願いします.gif,assets/images/drop_0397.gif
drop_0398,204094,いってきます,動き・様子,生活動作・活動,いってきます、動き・様子、生活動作・活動、204094、動作、行動、気持ち,ドロップス/204094いってきます.gif,assets/images/drop_0398.gif
drop_0399,204095,いってらっしゃい,動き・様子,生活動作・活動,いってらっしゃい、動き・様子、生活動作・活動、204095、動作、行動、気持ち,ドロップス/204095いってらっしゃい.gif,assets/images/drop_0399.gif
drop_0400,204096,ただいま,動き・様子,生活動作・活動,ただいま、動き・様子、生活動作・活動、204096、動作、行動、気持ち,ドロップス/204096ただいま.gif,assets/images/drop_0400.gif
drop_0401,204097,おかえりなさい,動き・様子,生活動作・活動,おかえりなさい、動き・様子、生活動作・活動、204097、動作、行動、気持ち,ドロップス/204097おかえりなさい.gif,assets/images/drop_0401.gif
drop_0402,204099,がんばりました,動き・様子,生活動作・活動,がんばりました、んばりました、動き・様子、生活動作・活動、204099、動作、行動、気持ち,ドロップス/204099がんばりました.gif,assets/images/drop_0402.gif
drop_0403,204100,困っています,動き・様子,生活動作・活動,困っています、動き・様子、生活動作・活動、204100、動作、行動、気持ち,ドロップス/204100困っています.gif,assets/images/drop_0403.gif
drop_0404,204102,尋ねる,動き・様子,生活動作・活動,尋ねる、動き・様子、生活動作・活動、204102、動作、行動、気持ち,ドロップス/204102尋ねる.gif,assets/images/drop_0404.gif
drop_0405,204103,どちら?,動き・様子,生活動作・活動,どちら?、動き・様子、生活動作・活動、204103、動作、行動、気持ち,ドロップス/204103どちら？.gif,assets/images/drop_0405.gif
drop_0406,204104,いくら?,動き・様子,生活動作・活動,いくら?、動き・様子、生活動作・活動、204104、動作、行動、気持ち,ドロップス/204104いくら？.gif,assets/images/drop_0406.gif
drop_0407,204105,どこにありますか?,動き・様子,生活動作・活動,どこにありますか?、どこ、ありますか?、動き・様子、生活動作・活動、204105、動作、行動、気持ち,ドロップス/204105どこにありますか？.gif,assets/images/drop_0407.gif
drop_0408,204106,どれ?,動き・様子,生活動作・活動,どれ?、動き・様子、生活動作・活動、204106、動作、行動、気持ち,ドロップス/204106どれ？.gif,assets/images/drop_0408.gif
drop_0409,204107,配膳する,動き・様子,生活動作・活動,配膳する、配膳、動き・様子、生活動作・活動、204107、動作、行動、気持ち,ドロップス/204107配膳する.png,assets/images/drop_0409.png
drop_0410,204108,バケツに水を入れる,動き・様子,生活動作・活動,バケツに水を入れる、バケツ、水、入れる、動き・様子、生活動作・活動、204108、みず、動作、行動、気持ち,ドロップス/204108バケツに水を入れる.png,assets/images/drop_0410.png
drop_0411,204109,ぶつかる,動き・様子,生活動作・活動,ぶつかる、動き・様子、生活動作・活動、204109、動作、行動、気持ち,ドロップス/204109ぶつかる.png,assets/images/drop_0411.png
drop_0412,204110,紹介する,動き・様子,生活動作・活動,紹介する、紹介、動き・様子、生活動作・活動、204110、動作、行動、気持ち,ドロップス/204110紹介する.png,assets/images/drop_0412.png
drop_0413,204111,車椅子に乗る(男子),動き・様子,生活動作・活動,車椅子に乗る(男子)、車椅子に乗る、男子、車椅子、乗る、動き・様子、生活動作・活動、204111、男、おとこ、男性、くるまいす、だんし、メンズ、車いす、だんせい、動作、行動、気持ち,ドロップス/204111車椅子に乗る(男子).png,assets/images/drop_0413.png
drop_0414,204112,車椅子を押してもらう(男性に),動き・様子,生活動作・活動,車椅子を押してもらう(男性に)、車椅子を押してもらう、男性に、車椅子、押してもらう、動き・様子、生活動作・活動、204112、くるまいす、車いす、男、おとこ、男性、男子、動作、行動、気持ち,ドロップス/204112車椅子を押してもらう(男性に).png,assets/images/drop_0414.png
drop_0415,204113,車椅子を押してもらう(女性に),動き・様子,生活動作・活動,車椅子を押してもらう(女性に)、車椅子を押してもらう、女性に、車椅子、押してもらう、動き・様子、生活動作・活動、204113、くるまいす、車いす、おんな、女、女性、女子、動作、行動、気持ち,ドロップス/204113車椅子を押してもらう(女性に).png,assets/images/drop_0415.png
drop_0416,204114,横断歩道をわたる,動き・様子,生活動作・活動,横断歩道をわたる、横断歩道、わたる、動き・様子、生活動作・活動、204114、おうだんほどう、動作、行動、気持ち,ドロップス/204114横断歩道をわたる.png,assets/images/drop_0416.png
drop_0417,204115,ヘルメットをかぶる,動き・様子,生活動作・活動,ヘルメットをかぶる、ヘルメット、かぶる、動き・様子、生活動作・活動、204115、動作、行動、気持ち,ドロップス/204115ヘルメットをかぶる.png,assets/images/drop_0417.png
drop_0418,204116,シートベルトをする(1),動き・様子,生活動作・活動,シートベルトをする(1)、シートベルトをする、1、シートベルト、する、シートベルトを、動き・様子、生活動作・活動、204116、一、いち、動作、行動、気持ち,ドロップス/204116シートベルトをする(1).png,assets/images/drop_0418.png
drop_0419,204117,シートベルトをする(2),動き・様子,生活動作・活動,シートベルトをする(2)、シートベルトをする、2、シートベルト、する、シートベルトを、動き・様子、生活動作・活動、204117、に、二、動作、行動、気持ち,ドロップス/204117シートベルトをする(2).png,assets/images/drop_0419.png
drop_0420,204118,背の順に整列する,動き・様子,生活動作・活動,背の順に整列する、背、順、整列する、背の順に整列、整列、動き・様子、生活動作・活動、204118、動作、行動、気持ち,ドロップス/204118背の順に整列する.png,assets/images/drop_0420.png
drop_0421,204119,前へならえ(1),動き・様子,生活動作・活動,前へならえ(1)、前へならえ、1、前、ならえ、動き・様子、生活動作・活動、204119、まえ、いち、一、動作、行動、気持ち,ドロップス/204119前へならえ(1).png,assets/images/drop_0421.png
drop_0422,204120,前へならえ(2),動き・様子,生活動作・活動,前へならえ(2)、前へならえ、2、前、ならえ、動き・様子、生活動作・活動、204120、まえ、に、二、動作、行動、気持ち,ドロップス/204120前へならえ(2).png,assets/images/drop_0422.png
drop_0423,204121,小さく前へならえ(1),動き・様子,生活動作・活動,小さく前へならえ(1)、小さく前へならえ、1、小さく前、ならえ、動き・様子、生活動作・活動、204121、まえ、いち、前、一、動作、行動、気持ち,ドロップス/204121小さく前へならえ(1).png,assets/images/drop_0423.png
drop_0424,204122,小さく前へならえ(2),動き・様子,生活動作・活動,小さく前へならえ(2)、小さく前へならえ、2、小さく前、ならえ、動き・様子、生活動作・活動、204122、に、まえ、二、前、動作、行動、気持ち,ドロップス/204122小さく前へならえ(2).png,assets/images/drop_0424.png
drop_0425,204123,体育座り(1)(男子),動き・様子,生活動作・活動,体育座り(1)(男子)、体育座り、1、男子、動き・様子、生活動作・活動、204123、男、おとこ、男性、だんし、メンズ、だんせい、いち、一、動作、行動、気持ち,ドロップス/204123体育座り(1)(男子).png,assets/images/drop_0425.png
drop_0426,204124,体育座り(2),動き・様子,生活動作・活動,体育座り(2)、体育座り、2、動き・様子、生活動作・活動、204124、に、二、動作、行動、気持ち,ドロップス/204124体育座り(2).png,assets/images/drop_0426.png
drop_0427,204125,正座をする(1),動き・様子,生活動作・活動,正座をする(1)、正座をする、1、正座、する、正座を、動き・様子、生活動作・活動、204125、一、いち、動作、行動、気持ち,ドロップス/204125正座をする(1).png,assets/images/drop_0427.png
drop_0428,204126,正座をする(2),動き・様子,生活動作・活動,正座をする(2)、正座をする、2、正座、する、正座を、動き・様子、生活動作・活動、204126、に、二、動作、行動、気持ち,ドロップス/204126正座をする(2).png,assets/images/drop_0428.png
drop_0429,204127,のりをつける,動き・様子,生活動作・活動,のりをつける、り、つける、動き・様子、生活動作・活動、204127、動作、行動、気持ち,ドロップス/204127のりをつける.png,assets/images/drop_0429.png
drop_0430,204128,チューブのりをつける,動き・様子,生活動作・活動,チューブのりをつける、チューブ、り、つける、動き・様子、生活動作・活動、204128、動作、行動、気持ち,ドロップス/204128チューブのりをつける.png,assets/images/drop_0430.png
drop_0431,204129,工作のりをつける,動き・様子,生活動作・活動,工作のりをつける、工作、り、つける、動き・様子、生活動作・活動、204129、動作、行動、気持ち,ドロップス/204129工作のりをつける.png,assets/images/drop_0431.png
drop_0432,204130,黒板を拭く,動き・様子,生活動作・活動,黒板を拭く、黒板、拭く、動き・様子、生活動作・活動、204130、動作、行動、気持ち,ドロップス/204130黒板を拭く.png,assets/images/drop_0432.png
drop_0433,204131,おんぶしてもらう(男性に),動き・様子,生活動作・活動,おんぶしてもらう(男性に)、おんぶしてもらう、男性に、動き・様子、生活動作・活動、204131、男、おとこ、男性、男子、動作、行動、気持ち,ドロップス/204131おんぶしてもらう(男性に).png,assets/images/drop_0433.png
drop_0434,204132,おんぶしてもらう(女性に),動き・様子,生活動作・活動,おんぶしてもらう(女性に)、おんぶしてもらう、女性に、動き・様子、生活動作・活動、204132、おんな、女、女性、女子、動作、行動、気持ち,ドロップス/204132おんぶしてもらう(女性に).png,assets/images/drop_0434.png
drop_0435,204133,だっこしてもらう(男性に),動き・様子,生活動作・活動,だっこしてもらう(男性に)、だっこしてもらう、男性に、動き・様子、生活動作・活動、204133、男、おとこ、男性、男子、動作、行動、気持ち,ドロップス/204133だっこしてもらう(男性に).png,assets/images/drop_0435.png
drop_0436,204134,だっこしてもらう(女性に),動き・様子,生活動作・活動,だっこしてもらう(女性に)、だっこしてもらう、女性に、動き・様子、生活動作・活動、204134、おんな、女、女性、女子、動作、行動、気持ち,ドロップス/204134だっこしてもらう(女性に).png,assets/images/drop_0436.png
drop_0437,204135,肩車してもらう(男性に),動き・様子,生活動作・活動,肩車してもらう(男性に)、肩車してもらう、男性に、動き・様子、生活動作・活動、204135、男、おとこ、男性、男子、動作、行動、気持ち,ドロップス/204135肩車してもらう(男性に).png,assets/images/drop_0437.png
drop_0438,204136,肩車してもらう(女性に),動き・様子,生活動作・活動,肩車してもらう(女性に)、肩車してもらう、女性に、動き・様子、生活動作・活動、204136、おんな、女、女性、女子、動作、行動、気持ち,ドロップス/204136肩車してもらう(女性に).png,assets/images/drop_0438.png
drop_0439,204137,高い高いしてもらう(男性に),動き・様子,生活動作・活動,高い高いしてもらう(男性に)、高い高いしてもらう、男性に、動き・様子、生活動作・活動、204137、男、おとこ、男性、男子、動作、行動、気持ち,ドロップス/204137高い高いしてもらう(男性に).png,assets/images/drop_0439.png
drop_0440,204138,高い高いしてもらう(女性に),動き・様子,生活動作・活動,高い高いしてもらう(女性に)、高い高いしてもらう、女性に、動き・様子、生活動作・活動、204138、おんな、女、女性、女子、動作、行動、気持ち,ドロップス/204138高い高いしてもらう(女性に).png,assets/images/drop_0440.png
drop_0441,204139,あいさつ,動き・様子,生活動作・活動,あいさつ、動き・様子、生活動作・活動、204139、挨拶、こんにちは、動作、行動、気持ち,ドロップス/204139あいさつ.png,assets/images/drop_0441.png
drop_0442,204140,いいねえ,動き・様子,生活動作・活動,いいねえ、動き・様子、生活動作・活動、204140、動作、行動、気持ち,ドロップス/204140いいねえ.png,assets/images/drop_0442.png
drop_0443,204141,そうそう,動き・様子,生活動作・活動,そうそう、動き・様子、生活動作・活動、204141、動作、行動、気持ち,ドロップス/204141そうそう.png,assets/images/drop_0443.png
drop_0444,204142,大丈夫,動き・様子,生活動作・活動,大丈夫、動き・様子、生活動作・活動、204142、動作、行動、気持ち,ドロップス/204142大丈夫.png,assets/images/drop_0444.png
drop_0445,204143,なるほど,動き・様子,生活動作・活動,なるほど、動き・様子、生活動作・活動、204143、動作、行動、気持ち,ドロップス/204143なるほど.png,assets/images/drop_0445.png
drop_0446,204144,もう一度,動き・様子,生活動作・活動,もう一度、動き・様子、生活動作・活動、204144、動作、行動、気持ち,ドロップス/204144もう一度.png,assets/images/drop_0446.png
drop_0447,204145,手伝ってください,動き・様子,生活動作・活動,手伝ってください、動き・様子、生活動作・活動、204145、動作、行動、気持ち,ドロップス/204145手伝ってください.png,assets/images/drop_0447.png
drop_0448,204146,ささやく,動き・様子,生活動作・活動,ささやく、ささ、く、動き・様子、生活動作・活動、204146、動作、行動、気持ち,ドロップス/204146ささやく.png,assets/images/drop_0448.png
drop_0449,204147,混ぜる,動き・様子,生活動作・活動,混ぜる、動き・様子、生活動作・活動、204147、動作、行動、気持ち,ドロップス/204147混ぜる.png,assets/images/drop_0449.png
drop_0450,204148,ゴムべらで混ぜる,動き・様子,生活動作・活動,ゴムべらで混ぜる、ゴムべら、混ぜる、動き・様子、生活動作・活動、204148、動作、行動、気持ち,ドロップス/204148ゴムべらで混ぜる.png,assets/images/drop_0450.png
drop_0451,204149,手でこねる,動き・様子,生活動作・活動,手でこねる、手、こねる、動き・様子、生活動作・活動、204149、て、動作、行動、気持ち,ドロップス/204149手でこねる.png,assets/images/drop_0451.png
drop_0452,204150,めん棒で伸ばす(1),動き・様子,生活動作・活動,めん棒で伸ばす(1)、めん棒で伸ばす、1、めん棒、伸ばす、動き・様子、生活動作・活動、204150、一、いち、動作、行動、気持ち,ドロップス/204150めん棒で伸ばす(1).png,assets/images/drop_0452.png
drop_0453,204151,めん棒で伸ばす(2),動き・様子,生活動作・活動,めん棒で伸ばす(2)、めん棒で伸ばす、2、めん棒、伸ばす、動き・様子、生活動作・活動、204151、に、二、動作、行動、気持ち,ドロップス/204151めん棒で伸ばす(2).png,assets/images/drop_0453.png
drop_0454,204152,クッキーの型抜きをする,動き・様子,生活動作・活動,クッキーの型抜きをする、クッキー、型抜き、する、クッキーの型抜きを、動き・様子、生活動作・活動、204152、動作、行動、気持ち,ドロップス/204152クッキーの型抜きをする.png,assets/images/drop_0454.png
drop_0455,204153,はたき掃除をする,動き・様子,生活動作・活動,はたき掃除をする、はたき掃除、する、はたき掃除を、動き・様子、生活動作・活動、204153、動作、行動、気持ち,ドロップス/204153はたき掃除をする.png,assets/images/drop_0455.png
drop_0456,204154,排尿する(男子)(2),動き・様子,生活動作・活動,排尿する(男子)(2)、排尿する、男子、2、排尿、動き・様子、生活動作・活動、204154、男、おとこ、男性、だんし、メンズ、だんせい、に、二、動作、行動、気持ち,ドロップス/204154排尿する(男子)(2).png,assets/images/drop_0456.png
drop_0457,204155,排尿・排便する(女子)(2),動き・様子,生活動作・活動,排尿・排便する(女子)(2)、排尿・排便する、女子、2、排尿、排便する、排尿・排便、排便、動き・様子、生活動作・活動、204155、おんな、女性、女、レディース、じょせい、じょし、に、二、動作、行動、気持ち,ドロップス/204155排尿・排便する(女子)(2).png,assets/images/drop_0457.png
drop_0458,204156,布を染める,動き・様子,生活動作・活動,布を染める、布、染める、動き・様子、生活動作・活動、204156、動作、行動、気持ち,ドロップス/204156布を染める.png,assets/images/drop_0458.png
drop_0459,204157,採点する,動き・様子,生活動作・活動,採点する、採点、動き・様子、生活動作・活動、204157、動作、行動、気持ち,ドロップス/204157採点する.png,assets/images/drop_0459.png
drop_0460,204158,鑑賞する,動き・様子,生活動作・活動,鑑賞する、鑑賞、動き・様子、生活動作・活動、204158、動作、行動、気持ち,ドロップス/204158鑑賞する.png,assets/images/drop_0460.png
drop_0461,204159,コタツに入る,動き・様子,生活動作・活動,コタツに入る、コタツ、入る、動き・様子、生活動作・活動、204159、動作、行動、気持ち,ドロップス/204159コタツに入る.png,assets/images/drop_0461.png
drop_0462,204160,シャンプーを手にとる,動き・様子,生活動作・活動,シャンプーを手にとる、シャンプー、手、る、動き・様子、生活動作・活動、204160、て、動作、行動、気持ち,ドロップス/204160シャンプーを手にとる.png,assets/images/drop_0462.png
drop_0463,204161,リンスを手にとる,動き・様子,生活動作・活動,リンスを手にとる、リンス、手、る、動き・様子、生活動作・活動、204161、て、動作、行動、気持ち,ドロップス/204161リンスを手にとる.png,assets/images/drop_0463.png
drop_0464,204162,バスに乗り遅れる,動き・様子,生活動作・活動,バスに乗り遅れる、バス、乗り遅れる、動き・様子、生活動作・活動、204162、動作、行動、気持ち,ドロップス/204162バスに乗り遅れる.png,assets/images/drop_0464.png
drop_0465,204163,握手(1),動き・様子,生活動作・活動,握手(1)、握手、1、動き・様子、生活動作・活動、204163、一、いち、動作、行動、気持ち,ドロップス/204163握手(1).png,assets/images/drop_0465.png
drop_0466,204164,握手(2),動き・様子,生活動作・活動,握手(2)、握手、2、動き・様子、生活動作・活動、204164、に、二、動作、行動、気持ち,ドロップス/204164握手(2).png,assets/images/drop_0466.png
drop_0467,204165,ハイタッチ,動き・様子,生活動作・活動,ハイタッチ、動き・様子、生活動作・活動、204165、動作、行動、気持ち,ドロップス/204165ハイタッチ.png,assets/images/drop_0467.png
drop_0468,204166,えいえいおー(1),動き・様子,生活動作・活動,えいえいおー(1)、えいえいおー、1、動き・様子、生活動作・活動、204166、一、いち、動作、行動、気持ち,ドロップス/204166えいえいおー(1).png,assets/images/drop_0468.png
drop_0469,204167,えいえいおー(2),動き・様子,生活動作・活動,えいえいおー(2)、えいえいおー、2、動き・様子、生活動作・活動、204167、に、二、動作、行動、気持ち,ドロップス/204167えいえいおー(2).png,assets/images/drop_0469.png
drop_0470,204168,わかる(2)(わかった),動き・様子,生活動作・活動,わかる(2)(わかった)、わかる、2、わかった、動き・様子、生活動作・活動、204168、に、二、動作、行動、気持ち,ドロップス/204168わかる(2)(わかった).png,assets/images/drop_0470.png
drop_0471,204169,できる(できた),動き・様子,生活動作・活動,できる(できた)、できる、できた、きる、動き・様子、生活動作・活動、204169、着る、切る、動作、行動、気持ち,ドロップス/204169できる(できた).png,assets/images/drop_0471.png
drop_0472,204170,会話する,動き・様子,生活動作・活動,会話する、会話、動き・様子、生活動作・活動、204170、動作、行動、気持ち,ドロップス/204170会話する.png,assets/images/drop_0472.png
drop_0473,204171,黒板消しクリーナーをかける,動き・様子,生活動作・活動,黒板消しクリーナーをかける、黒板消しクリーナー、かける、動き・様子、生活動作・活動、204171、動作、行動、気持ち,ドロップス/204171黒板消しクリーナーをかける.png,assets/images/drop_0473.png
drop_0474,204172,手をつなぐ,動き・様子,生活動作・活動,手をつなぐ、手、つなぐ、動き・様子、生活動作・活動、204172、て、動作、行動、気持ち,ドロップス/204172手をつなぐ.png,assets/images/drop_0474.png
drop_0475,204173,手をつなぐ(男子と男子),動き・様子,生活動作・活動,手をつなぐ(男子と男子)、手をつなぐ、男子と男子、手、つなぐ、動き・様子、生活動作・活動、204173、て、男、おとこ、男性、男子、動作、行動、気持ち,ドロップス/204173手をつなぐ(男子と男子).png,assets/images/drop_0475.png
drop_0476,204174,手をつなぐ(女子と女子),動き・様子,生活動作・活動,手をつなぐ(女子と女子)、手をつなぐ、女子と女子、手、つなぐ、動き・様子、生活動作・活動、204174、て、おんな、女、女性、女子、動作、行動、気持ち,ドロップス/204174手をつなぐ(女子と女子).png,assets/images/drop_0476.png
drop_0477,204175,手をつなぐ(女子と男子),動き・様子,生活動作・活動,手をつなぐ(女子と男子)、手をつなぐ、女子と男子、手、つなぐ、動き・様子、生活動作・活動、204175、て、おんな、男、おとこ、男性、男子、女性、女、女子、動作、行動、気持ち,ドロップス/204175手をつなぐ(女子と男子).png,assets/images/drop_0477.png
drop_0478,204176,先生と手をつなぐ(男子と先生男性),動き・様子,生活動作・活動,先生と手をつなぐ(男子と先生男性)、先生と手をつなぐ、男子と先生男性、先生、手、つなぐ、動き・様子、生活動作・活動、204176、せんせい、教員、て、教師、男、おとこ、男性、男子、動作、行動、気持ち,ドロップス/204176先生と手をつなぐ(男子と先生男性).png,assets/images/drop_0478.png
drop_0479,204177,先生と手をつなぐ(男子と先生女性),動き・様子,生活動作・活動,先生と手をつなぐ(男子と先生女性)、先生と手をつなぐ、男子と先生女性、先生、手、つなぐ、動き・様子、生活動作・活動、204177、せんせい、教員、て、教師、おんな、男、おとこ、男性、男子、女性、女、女子、動作、行動、気持ち,ドロップス/204177先生と手をつなぐ(男子と先生女性).png,assets/images/drop_0479.png
drop_0480,204178,先生と手をつなぐ(女子と先生男性),動き・様子,生活動作・活動,先生と手をつなぐ(女子と先生男性)、先生と手をつなぐ、女子と先生男性、先生、手、つなぐ、動き・様子、生活動作・活動、204178、せんせい、教員、て、教師、おんな、男、おとこ、男性、男子、女性、女、女子、動作、行動、気持ち,ドロップス/204178先生と手をつなぐ(女子と先生男性).png,assets/images/drop_0480.png
drop_0481,204179,先生と手をつなぐ(女子と先生女性),動き・様子,生活動作・活動,先生と手をつなぐ(女子と先生女性)、先生と手をつなぐ、女子と先生女性、先生、手、つなぐ、動き・様子、生活動作・活動、204179、せんせい、教員、て、教師、おんな、女、女性、女子、動作、行動、気持ち,ドロップス/204179先生と手をつなぐ(女子と先生女性).png,assets/images/drop_0481.png
drop_0482,204180,車を運転する(1),動き・様子,生活動作・活動,車を運転する(1)、車を運転する、1、車、運転する、車を運転、運転、動き・様子、生活動作・活動、204180、くるま、自動車、一、いち、動作、行動、気持ち,ドロップス/204180車を運転する(1).png,assets/images/drop_0482.png
drop_0483,204181,車を運転する(2),動き・様子,生活動作・活動,車を運転する(2)、車を運転する、2、車、運転する、車を運転、運転、動き・様子、生活動作・活動、204181、くるま、自動車、に、二、動作、行動、気持ち,ドロップス/204181車を運転する(2).png,assets/images/drop_0483.png
drop_0484,204182,準備体操(水着)(男子),動き・様子,生活動作・活動,準備体操(水着)(男子)、準備体操、水着、男子、動き・様子、生活動作・活動、204182、男、おとこ、男性、だんし、メンズ、だんせい、動作、行動、気持ち,ドロップス/204182準備体操(水着)(男子).png,assets/images/drop_0484.png
drop_0485,204183,準備体操(水着)(女子),動き・様子,生活動作・活動,準備体操(水着)(女子)、準備体操、水着、女子、動き・様子、生活動作・活動、204183、おんな、女性、女、レディース、じょせい、じょし、動作、行動、気持ち,ドロップス/204183準備体操(水着)(女子).png,assets/images/drop_0485.png
drop_0486,204184,シャワーを浴びる(水着)(男子),動き・様子,生活動作・活動,シャワーを浴びる(水着)(男子)、シャワーを浴びる、水着、男子、シャワー、浴びる、動き・様子、生活動作・活動、204184、男、おとこ、男性、だんし、メンズ、だんせい、動作、行動、気持ち,ドロップス/204184シャワーを浴びる(水着)(男子).png,assets/images/drop_0486.png
drop_0487,204185,シャワーを浴びる(水着)(女子),動き・様子,生活動作・活動,シャワーを浴びる(水着)(女子)、シャワーを浴びる、水着、女子、シャワー、浴びる、動き・様子、生活動作・活動、204185、おんな、女性、女、レディース、じょせい、じょし、動作、行動、気持ち,ドロップス/204185シャワーを浴びる(水着)(女子).png,assets/images/drop_0487.png
drop_0488,204186,ハンカチを口に当てる,動き・様子,生活動作・活動,ハンカチを口に当てる、ハンカチ、口、当てる、動き・様子、生活動作・活動、204186、くち、マウス、動作、行動、気持ち,ドロップス/204186ハンカチを口に当てる.png,assets/images/drop_0488.png
drop_0489,204187,机の下にもぐる,動き・様子,生活動作・活動,机の下にもぐる、机、下、もぐる、動き・様子、生活動作・活動、204187、した、つくえ、テーブル、動作、行動、気持ち,ドロップス/204187机の下にもぐる.png,assets/images/drop_0489.png
drop_0490,204188,逃げる,動き・様子,生活動作・活動,逃げる、動き・様子、生活動作・活動、204188、動作、行動、気持ち,ドロップス/204188逃げる.png,assets/images/drop_0490.png
drop_0491,204189,iPhone・iPodを充電する,動き・様子,生活動作・活動,iPhone・iPodを充電する、iPhone、iPod、充電する、iPhone・iPodを充電、充電、動き・様子、生活動作・活動、204189、動作、行動、気持ち,ドロップス/204189iPhone・iPodを充電する.png,assets/images/drop_0491.png
drop_0492,204192,あぐら座りをする,動き・様子,生活動作・活動,あぐら座りをする、あぐら座り、する、あぐら座りを、動き・様子、生活動作・活動、204192、動作、行動、気持ち,ドロップス/204192あぐら座りをする.png,assets/images/drop_0492.png
drop_0493,204193,水着で歩く,動き・様子,生活動作・活動,水着で歩く、水着、歩く、動き・様子、生活動作・活動、204193、あるく、動作、行動、気持ち,ドロップス/204193水着で歩く.png,assets/images/drop_0493.png
drop_0494,204194,水着で走る,動き・様子,生活動作・活動,水着で走る、水着、走る、動き・様子、生活動作・活動、204194、はしる、マラソン、動作、行動、気持ち,ドロップス/204194水着で走る.png,assets/images/drop_0494.png
drop_0495,204195,水着で転ぶ,動き・様子,生活動作・活動,水着で転ぶ、水着、転ぶ、動き・様子、生活動作・活動、204195、動作、行動、気持ち,ドロップス/204195水着で転ぶ.png,assets/images/drop_0495.png
drop_0496,204196,プールに入る,動き・様子,生活動作・活動,プールに入る、プール、入る、動き・様子、生活動作・活動、204196、水泳、すいえい、動作、行動、気持ち,ドロップス/204196プールに入る.png,assets/images/drop_0496.png
drop_0497,204197,プールに飛び込む(1),動き・様子,生活動作・活動,プールに飛び込む(1)、プールに飛び込む、1、プール、飛び込む、動き・様子、生活動作・活動、204197、水泳、すいえい、一、いち、動作、行動、気持ち,ドロップス/204197プールに飛び込む(1).png,assets/images/drop_0497.png
drop_0498,204198,プールに飛び込む(2),動き・様子,生活動作・活動,プールに飛び込む(2)、プールに飛び込む、2、プール、飛び込む、動き・様子、生活動作・活動、204198、水泳、すいえい、に、二、動作、行動、気持ち,ドロップス/204198プールに飛び込む(2).png,assets/images/drop_0498.png
drop_0499,204199,プールに落とす,動き・様子,生活動作・活動,プールに落とす、プール、落、す、動き・様子、生活動作・活動、204199、水泳、すいえい、動作、行動、気持ち,ドロップス/204199プールに落とす.png,assets/images/drop_0499.png
drop_0500,204200,ダンゴムシのポーズ,動き・様子,生活動作・活動,ダンゴムシのポーズ、ダンゴムシ、ポーズ、動き・様子、生活動作・活動、204200、動作、行動、気持ち,ドロップス/204200ダンゴムシのポーズ.png,assets/images/drop_0500.png
drop_0501,204201,目と口を開く,動き・様子,生活動作・活動,目と口を開く、目、口、開く、動き・様子、生活動作・活動、204201、アイ、くち、め、マウス、動作、行動、気持ち,ドロップス/204201目と口を開く.png,assets/images/drop_0501.png
drop_0502,300000,1飲食物(枠線あり),飲食物,飲食物,1飲食物(枠線あり)、1飲食物、飲食物、枠線あり、300000、いち、線あり、１、ふちあり、一、食事、食べる、飲む,ドロップス/300000_1飲食物(枠線あり).gif,assets/images/drop_0502.gif
drop_0503,300000,2飲食物(枠線なし),飲食物,飲食物,2飲食物(枠線なし)、2飲食物、飲食物、枠線なし、300000、に、線なし、ふちなし、二、２、食事、食べる、飲む,ドロップス/300000_2飲食物(枠線なし).gif,assets/images/drop_0503.gif
drop_0504,301001,食事・洋食,飲食物,食べ物,食事・洋食、食事、洋食、飲食物、食べ物、301001、食べる、たべる、たべもの、料理、飲む,ドロップス/301001食事・洋食.gif,assets/images/drop_0504.gif
drop_0505,301002,ご飯,飲食物,食べ物,ご飯、飲食物、食べ物、301002、ごはん、ライス、白米、たべもの、料理、食事、食べる、飲む,ドロップス/301002ご飯.gif,assets/images/drop_0505.gif
drop_0506,301003,お弁当,飲食物,食べ物,お弁当、飲食物、食べ物、301003、べんとう、たべもの、料理、食事、食べる、飲む,ドロップス/301003お弁当.gif,assets/images/drop_0506.gif
drop_0507,301004,おにぎり,飲食物,食べ物,おにぎり、お、ぎり、飲食物、食べ物、301004、にぎりめし、たべもの、料理、食事、食べる、飲む,ドロップス/301004おにぎり.gif,assets/images/drop_0507.gif
drop_0508,301005,野菜(総称),飲食物,食べ物,野菜(総称)、野菜、総称、飲食物、食べ物、301005、やさい、たべもの、料理、食事、食べる、飲む,ドロップス/301005野菜(総称).gif,assets/images/drop_0508.gif
drop_0509,301006,パン,飲食物,食べ物,パン、飲食物、食べ物、301006、ブレッド、たべもの、料理、食事、食べる、飲む,ドロップス/301006パン.gif,assets/images/drop_0509.gif
drop_0510,301007,ケーキ,飲食物,食べ物,ケーキ、飲食物、食べ物、301007、スイーツ、たべもの、料理、食事、食べる、飲む,ドロップス/301007ケーキ.gif,assets/images/drop_0510.gif
drop_0511,301008,和食,飲食物,食べ物,和食、飲食物、食べ物、301008、日本食、たべもの、料理、食事、食べる、飲む,ドロップス/301008和食.gif,assets/images/drop_0511.gif
drop_0512,301009,中華,飲食物,食べ物,中華、飲食物、食べ物、301009、中華料理、たべもの、料理、食事、食べる、飲む,ドロップス/301009中華.gif,assets/images/drop_0512.gif
drop_0513,301010,朝ごはん,飲食物,食べ物,朝ごはん、飲食物、食べ物、301010、朝食、たべもの、料理、食事、食べる、飲む,ドロップス/301010朝ごはん.gif,assets/images/drop_0513.gif
drop_0514,301011,昼ごはん,飲食物,食べ物,昼ごはん、飲食物、食べ物、301011、ランチ、昼食、たべもの、料理、食事、食べる、飲む,ドロップス/301011昼ごはん.gif,assets/images/drop_0514.gif
drop_0515,301012,夕ごはん,飲食物,食べ物,夕ごはん、飲食物、食べ物、301012、夕食、晩ごはん、ディナー、たべもの、料理、食事、食べる、飲む,ドロップス/301012夕ごはん.gif,assets/images/drop_0515.gif
drop_0516,301013,おかず,飲食物,食べ物,おかず、飲食物、食べ物、301013、副菜、たべもの、料理、食事、食べる、飲む,ドロップス/301013おかず.gif,assets/images/drop_0516.gif
drop_0517,301014,汁物,飲食物,食べ物,汁物、飲食物、食べ物、301014、スープ、たべもの、料理、食事、食べる、飲む,ドロップス/301014汁物.gif,assets/images/drop_0517.gif
drop_0518,301015,カップラーメンを食べる,飲食物,食べ物,カップラーメンを食べる、カップラーメン、食べる、飲食物、食べ物、301015、食事、たべる、たべもの、料理、飲む,ドロップス/301015カップラーメンを食べる.gif,assets/images/drop_0518.gif
drop_0519,301016,バナナ,飲食物,食べ物,バナナ、飲食物、食べ物、301016、たべもの、料理、食事、食べる、飲む,ドロップス/301016バナナ.gif,assets/images/drop_0519.gif
drop_0520,301017,スイカ,飲食物,食べ物,スイカ、飲食物、食べ物、301017、たべもの、料理、食事、食べる、飲む,ドロップス/301017スイカ.gif,assets/images/drop_0520.gif
drop_0521,301018,たまご,飲食物,食べ物,たまご、飲食物、食べ物、301018、卵、玉子、たべもの、料理、食事、食べる、飲む,ドロップス/301018たまご.gif,assets/images/drop_0521.gif
drop_0522,301072,トースト,飲食物,食べ物,トースト、飲食物、食べ物、301072、たべもの、料理、食事、食べる、飲む,ドロップス/301072トースト.png,assets/images/drop_0522.png
drop_0523,301073,バタートースト,飲食物,食べ物,バタートースト、飲食物、食べ物、301073、たべもの、料理、食事、食べる、飲む,ドロップス/301073バタートースト.png,assets/images/drop_0523.png
drop_0524,301074,焼きそば(パック入り),飲食物,食べ物,焼きそば(パック入り)、焼きそば、パック入り、飲食物、食べ物、301074、たべもの、料理、食事、食べる、飲む,ドロップス/301074焼きそば(パック入り).png,assets/images/drop_0524.png
drop_0525,301075,お好み焼き(パック入り),飲食物,食べ物,お好み焼き(パック入り)、お好み焼き、パック入り、飲食物、食べ物、301075、たべもの、料理、食事、食べる、飲む,ドロップス/301075お好み焼き(パック入り).png,assets/images/drop_0525.png
drop_0526,301076,たこ焼き,飲食物,食べ物,たこ焼き、飲食物、食べ物、301076、たべもの、料理、食事、食べる、飲む,ドロップス/301076たこ焼き.png,assets/images/drop_0526.png
drop_0527,301077,焼きイカ,飲食物,食べ物,焼きイカ、飲食物、食べ物、301077、たべもの、料理、食事、食べる、飲む,ドロップス/301077焼きイカ.png,assets/images/drop_0527.png
drop_0528,301078,焼きイカ(パック入り),飲食物,食べ物,焼きイカ(パック入り)、焼きイカ、パック入り、飲食物、食べ物、301078、たべもの、料理、食事、食べる、飲む,ドロップス/301078焼きイカ(パック入り).png,assets/images/drop_0528.png
drop_0529,301079,焼きとうもろこし,飲食物,食べ物,焼きとうもろこし、焼き、うもろこし、飲食物、食べ物、301079、たべもの、料理、食事、食べる、飲む,ドロップス/301079焼きとうもろこし.png,assets/images/drop_0529.png
drop_0530,301080,唐揚げ,飲食物,食べ物,唐揚げ、飲食物、食べ物、301080、たべもの、料理、食事、食べる、飲む,ドロップス/301080唐揚げ.png,assets/images/drop_0530.png
drop_0531,301081,フライドポテト(1),飲食物,食べ物,フライドポテト(1)、フライドポテト、1、飲食物、食べ物、301081、たべもの、いち、一、料理、食事、食べる、飲む,ドロップス/301081フライドポテト(1).png,assets/images/drop_0531.png
drop_0532,301082,フライドポテト(2),飲食物,食べ物,フライドポテト(2)、フライドポテト、2、飲食物、食べ物、301082、に、二、たべもの、料理、食事、食べる、飲む,ドロップス/301082フライドポテト(2).png,assets/images/drop_0532.png
drop_0533,301083,デザート(1),飲食物,食べ物,デザート(1)、デザート、1、飲食物、食べ物、301083、たべもの、いち、一、料理、食事、食べる、飲む,ドロップス/301083デザート(1).png,assets/images/drop_0533.png
drop_0534,301084,デザート(2),飲食物,食べ物,デザート(2)、デザート、2、飲食物、食べ物、301084、に、二、たべもの、料理、食事、食べる、飲む,ドロップス/301084デザート(2).png,assets/images/drop_0534.png
drop_0535,301085,カットりんご,飲食物,食べ物,カットりんご、飲食物、食べ物、301085、たべもの、料理、食事、食べる、飲む,ドロップス/301085カットりんご.png,assets/images/drop_0535.png
drop_0536,301086,とうもろこし,飲食物,食べ物,とうもろこし、うもろこし、飲食物、食べ物、301086、たべもの、料理、食事、食べる、飲む,ドロップス/301086とうもろこし.png,assets/images/drop_0536.png
drop_0537,301087,ピーナッツ,飲食物,食べ物,ピーナッツ、飲食物、食べ物、301087、たべもの、料理、食事、食べる、飲む,ドロップス/301087ピーナッツ.png,assets/images/drop_0537.png
drop_0538,301088,パウンドケーキ,飲食物,食べ物,パウンドケーキ、飲食物、食べ物、301088、たべもの、料理、食事、食べる、飲む,ドロップス/301088パウンドケーキ.png,assets/images/drop_0538.png
drop_0539,301089,マシュマロ,飲食物,食べ物,マシュマロ、飲食物、食べ物、301089、たべもの、料理、食事、食べる、飲む,ドロップス/301089マシュマロ.png,assets/images/drop_0539.png
drop_0540,301090,かき氷,飲食物,食べ物,かき氷、飲食物、食べ物、301090、たべもの、料理、食事、食べる、飲む,ドロップス/301090かき氷.png,assets/images/drop_0540.png
drop_0541,301091,ココアゼリー,飲食物,食べ物,ココアゼリー、飲食物、食べ物、301091、たべもの、料理、食事、食べる、飲む,ドロップス/301091ココアゼリー.png,assets/images/drop_0541.png
drop_0542,301092,抹茶ゼリー,飲食物,食べ物,抹茶ゼリー、飲食物、食べ物、301092、たべもの、料理、食事、食べる、飲む,ドロップス/301092抹茶ゼリー.png,assets/images/drop_0542.png
drop_0543,301093,プリン(1),飲食物,食べ物,プリン(1)、プリン、1、飲食物、食べ物、301093、たべもの、いち、一、料理、食事、食べる、飲む,ドロップス/301093プリン(1).png,assets/images/drop_0543.png
drop_0544,301094,プリン(2),飲食物,食べ物,プリン(2)、プリン、2、飲食物、食べ物、301094、に、二、たべもの、料理、食事、食べる、飲む,ドロップス/301094プリン(2).png,assets/images/drop_0544.png
drop_0545,301095,ヨーグルト,飲食物,食べ物,ヨーグルト、飲食物、食べ物、301095、たべもの、料理、食事、食べる、飲む,ドロップス/301095ヨーグルト.png,assets/images/drop_0545.png
drop_0546,301096,柿の種,飲食物,食べ物,柿の種、柿、種、飲食物、食べ物、301096、たべもの、料理、食事、食べる、飲む,ドロップス/301096柿の種.png,assets/images/drop_0546.png
drop_0547,301097,柿ピー,飲食物,食べ物,柿ピー、飲食物、食べ物、301097、たべもの、料理、食事、食べる、飲む,ドロップス/301097柿ピー.png,assets/images/drop_0547.png
drop_0548,301098,綿あめ,飲食物,食べ物,綿あめ、飲食物、食べ物、301098、たべもの、料理、食事、食べる、飲む,ドロップス/301098綿あめ.png,assets/images/drop_0548.png
drop_0549,301099,りんごあめ,飲食物,食べ物,りんごあめ、飲食物、食べ物、301099、たべもの、料理、食事、食べる、飲む,ドロップス/301099りんごあめ.png,assets/images/drop_0549.png
drop_0550,301100,チョコバナナ,飲食物,食べ物,チョコバナナ、飲食物、食べ物、301100、たべもの、料理、食事、食べる、飲む,ドロップス/301100チョコバナナ.png,assets/images/drop_0550.png
drop_0551,301101,太巻き,飲食物,食べ物,太巻き、飲食物、食べ物、301101、たべもの、料理、食事、食べる、飲む,ドロップス/301101太巻き.png,assets/images/drop_0551.png
drop_0552,301102,いなり寿司,飲食物,食べ物,いなり寿司、飲食物、食べ物、301102、たべもの、料理、食事、食べる、飲む,ドロップス/301102いなり寿司.png,assets/images/drop_0552.png
drop_0553,301103,チーズトースト,飲食物,食べ物,チーズトースト、飲食物、食べ物、301103、たべもの、料理、食事、食べる、飲む,ドロップス/301103チーズトースト.png,assets/images/drop_0553.png
drop_0554,301104,目玉焼きトースト,飲食物,食べ物,目玉焼きトースト、飲食物、食べ物、301104、たべもの、料理、食事、食べる、飲む,ドロップス/301104目玉焼きトースト.png,assets/images/drop_0554.png
drop_0555,301105,おでん,飲食物,食べ物,おでん、お、ん、飲食物、食べ物、301105、たべもの、料理、食事、食べる、飲む,ドロップス/301105おでん.png,assets/images/drop_0555.png
drop_0556,301106,大分団子汁,飲食物,食べ物,大分団子汁、飲食物、食べ物、301106、たべもの、料理、食事、食べる、飲む,ドロップス/301106大分団子汁.png,assets/images/drop_0556.png
drop_0557,301107,ポップコーン,飲食物,食べ物,ポップコーン、飲食物、食べ物、301107、たべもの、料理、食事、食べる、飲む,ドロップス/301107ポップコーン.png,assets/images/drop_0557.png
drop_0558,301108,焼き芋,飲食物,食べ物,焼き芋、飲食物、食べ物、301108、たべもの、料理、食事、食べる、飲む,ドロップス/301108焼き芋.png,assets/images/drop_0558.png
drop_0559,301109,みかん(2),飲食物,食べ物,みかん(2)、みかん、2、飲食物、食べ物、301109、に、二、たべもの、料理、食事、食べる、飲む,ドロップス/301109みかん(2).png,assets/images/drop_0559.png
drop_0560,301110,レモン,飲食物,食べ物,レモン、飲食物、食べ物、301110、たべもの、料理、食事、食べる、飲む,ドロップス/301110レモン.png,assets/images/drop_0560.png
drop_0561,301111,かぼす,飲食物,食べ物,かぼす、飲食物、食べ物、301111、たべもの、料理、食事、食べる、飲む,ドロップス/301111かぼす.png,assets/images/drop_0561.png
drop_0562,301112,いちご(2),飲食物,食べ物,いちご(2)、いちご、2、飲食物、食べ物、301112、に、二、たべもの、料理、食事、食べる、飲む,ドロップス/301112いちご(2).png,assets/images/drop_0562.png
drop_0563,301113,ぶどう(1),飲食物,食べ物,ぶどう(1)、ぶどう、1、飲食物、食べ物、301113、たべもの、いち、一、料理、食事、食べる、飲む,ドロップス/301113ぶどう(1).png,assets/images/drop_0563.png
drop_0564,301114,ぶどう(2),飲食物,食べ物,ぶどう(2)、ぶどう、2、飲食物、食べ物、301114、に、二、たべもの、料理、食事、食べる、飲む,ドロップス/301114ぶどう(2).png,assets/images/drop_0564.png
drop_0565,301115,やせうま,飲食物,食べ物,やせうま、せうま、飲食物、食べ物、301115、たべもの、料理、食事、食べる、飲む,ドロップス/301115やせうま.png,assets/images/drop_0565.png
drop_0566,301116,コッペパン,飲食物,食べ物,コッペパン、飲食物、食べ物、301116、たべもの、料理、食事、食べる、飲む,ドロップス/301116コッペパン.png,assets/images/drop_0566.png
drop_0567,301117,みそ煮込みうどん,飲食物,食べ物,みそ煮込みうどん、飲食物、食べ物、301117、たべもの、料理、食事、食べる、飲む,ドロップス/301117みそ煮込みうどん.png,assets/images/drop_0567.png
drop_0568,301118,きしめん,飲食物,食べ物,きしめん、飲食物、食べ物、301118、たべもの、料理、食事、食べる、飲む,ドロップス/301118きしめん.png,assets/images/drop_0568.png
drop_0569,301119,わんこそば,飲食物,食べ物,わんこそば、飲食物、食べ物、301119、たべもの、料理、食事、食べる、飲む,ドロップス/301119わんこそば.png,assets/images/drop_0569.png
drop_0570,301120,盛岡冷麺,飲食物,食べ物,盛岡冷麺、飲食物、食べ物、301120、たべもの、料理、食事、食べる、飲む,ドロップス/301120盛岡冷麺.png,assets/images/drop_0570.png
drop_0571,301121,じゃじゃ麺,飲食物,食べ物,じゃじゃ麺、飲食物、食べ物、301121、たべもの、料理、食事、食べる、飲む,ドロップス/301121じゃじゃ麺.png,assets/images/drop_0571.png
drop_0572,301122,手羽先,飲食物,食べ物,手羽先、飲食物、食べ物、301122、たべもの、料理、食事、食べる、飲む,ドロップス/301122手羽先.png,assets/images/drop_0572.png
drop_0573,301123,エビフライ,飲食物,食べ物,エビフライ、飲食物、食べ物、301123、たべもの、料理、食事、食べる、飲む,ドロップス/301123エビフライ.png,assets/images/drop_0573.png
drop_0574,301124,ウィンナーソーセージ,飲食物,食べ物,ウィンナーソーセージ、飲食物、食べ物、301124、たべもの、料理、食事、食べる、飲む,ドロップス/301124ウィンナーソーセージ.png,assets/images/drop_0574.png
drop_0575,301125,みそカツ,飲食物,食べ物,みそカツ、飲食物、食べ物、301125、たべもの、料理、食事、食べる、飲む,ドロップス/301125みそカツ.png,assets/images/drop_0575.png
drop_0576,301126,天むす,飲食物,食べ物,天むす、飲食物、食べ物、301126、たべもの、料理、食事、食べる、飲む,ドロップス/301126天むす.png,assets/images/drop_0576.png
drop_0577,301127,ひつまぶし,飲食物,食べ物,ひつまぶし、飲食物、食べ物、301127、たべもの、料理、食事、食べる、飲む,ドロップス/301127ひつまぶし.png,assets/images/drop_0577.png
drop_0578,301128,干しいも,飲食物,食べ物,干しいも、飲食物、食べ物、301128、たべもの、料理、食事、食べる、飲む,ドロップス/301128干しいも.png,assets/images/drop_0578.png
drop_0579,301129,焼きだんご,飲食物,食べ物,焼きだんご、飲食物、食べ物、301129、たべもの、料理、食事、食べる、飲む,ドロップス/301129焼きだんご.png,assets/images/drop_0579.png
drop_0580,301130,南部せんべい,飲食物,食べ物,南部せんべい、飲食物、食べ物、301130、たべもの、料理、食事、食べる、飲む,ドロップス/301130南部せんべい.png,assets/images/drop_0580.png
drop_0581,301131,ういろう,飲食物,食べ物,ういろう、飲食物、食べ物、301131、たべもの、料理、食事、食べる、飲む,ドロップス/301131ういろう.png,assets/images/drop_0581.png
drop_0582,301132,伊勢うどん,飲食物,食べ物,伊勢うどん、飲食物、食べ物、301132、たべもの、料理、食事、食べる、飲む,ドロップス/301132伊勢うどん.png,assets/images/drop_0582.png
drop_0583,301133,へぎ蕎麦,飲食物,食べ物,へぎ蕎麦、ぎ蕎麦、飲食物、食べ物、301133、たべもの、料理、食事、食べる、飲む,ドロップス/301133へぎ蕎麦.png,assets/images/drop_0583.png
drop_0584,301134,イタリアン,飲食物,食べ物,イタリアン、飲食物、食べ物、301134、たべもの、料理、食事、食べる、飲む,ドロップス/301134イタリアン.png,assets/images/drop_0584.png
drop_0585,301135,枝豆,飲食物,食べ物,枝豆、飲食物、食べ物、301135、たべもの、料理、食事、食べる、飲む,ドロップス/301135枝豆.png,assets/images/drop_0585.png
drop_0586,301136,ポッポ焼き,飲食物,食べ物,ポッポ焼き、飲食物、食べ物、301136、たべもの、料理、食事、食べる、飲む,ドロップス/301136ポッポ焼き.png,assets/images/drop_0586.png
drop_0587,301137,笹団子,飲食物,食べ物,笹団子、飲食物、食べ物、301137、たべもの、料理、食事、食べる、飲む,ドロップス/301137笹団子.png,assets/images/drop_0587.png
drop_0588,302001,水,飲食物,飲み物,水、飲食物、飲み物、302001、みず、のみもの、ドリンク、食事、食べる、飲む,ドロップス/302001水.gif,assets/images/drop_0588.gif
drop_0589,302002,お茶,飲食物,飲み物,お茶、飲食物、飲み物、302002、tea、ちゃ、のみもの、ドリンク、食事、食べる、飲む,ドロップス/302002お茶.gif,assets/images/drop_0589.gif
drop_0590,302003,牛乳,飲食物,飲み物,牛乳、飲食物、飲み物、302003、ぎゅうにゅう、ミルク、のみもの、ドリンク、食事、食べる、飲む,ドロップス/302003牛乳.gif,assets/images/drop_0590.gif
drop_0591,302004,お酒,飲食物,飲み物,お酒、飲食物、飲み物、302004、アルコール、酒、さけ、のみもの、ドリンク、食事、食べる、飲む,ドロップス/302004お酒.gif,assets/images/drop_0591.gif
drop_0592,302005,ビール,飲食物,飲み物,ビール、飲食物、飲み物、302005、のみもの、ドリンク、食事、食べる、飲む,ドロップス/302005ビール.gif,assets/images/drop_0592.gif
drop_0593,302013,ジュース,飲食物,飲み物,ジュース、飲食物、飲み物、302013、のみもの、ドリンク、食事、食べる、飲む,ドロップス/302013ジュース.png,assets/images/drop_0593.png
drop_0594,302014,牛乳(瓶入り),飲食物,飲み物,牛乳(瓶入り)、牛乳、瓶入り、飲食物、飲み物、302014、ぎゅうにゅう、ミルク、のみもの、ドリンク、食事、食べる、飲む,ドロップス/302014牛乳(瓶入り).png,assets/images/drop_0594.png
drop_0595,302015,牛乳(瓶入り)(ふたなし),飲食物,飲み物,牛乳(瓶入り)(ふたなし)、牛乳、瓶入り、ふたなし、飲食物、飲み物、302015、ぎゅうにゅう、ミルク、のみもの、ドリンク、食事、食べる、飲む,ドロップス/302015牛乳(瓶入り)(ふたなし).png,assets/images/drop_0595.png
drop_0596,302016,ミルメーク,飲食物,飲み物,ミルメーク、飲食物、飲み物、302016、のみもの、ドリンク、食事、食べる、飲む,ドロップス/302016ミルメーク.png,assets/images/drop_0596.png
drop_0597,302017,ワイン,飲食物,飲み物,ワイン、飲食物、飲み物、302017、のみもの、ドリンク、食事、食べる、飲む,ドロップス/302017ワイン.png,assets/images/drop_0597.png
drop_0598,302018,焼酎(1),飲食物,飲み物,焼酎(1)、焼酎、1、飲食物、飲み物、302018、いち、のみもの、ドリンク、一、食事、食べる、飲む,ドロップス/302018焼酎(1).png,assets/images/drop_0598.png
drop_0599,302019,ラムネ,飲食物,飲み物,ラムネ、飲食物、飲み物、302019、のみもの、ドリンク、食事、食べる、飲む,ドロップス/302019ラムネ.png,assets/images/drop_0599.png
drop_0600,302020,ペットボトル飲料,飲食物,飲み物,ペットボトル飲料、飲食物、飲み物、302020、のみもの、ドリンク、食事、食べる、飲む,ドロップス/302020ペットボトル飲料.png,assets/images/drop_0600.png
drop_0601,302021,オレンジジュース(短パック),飲食物,飲み物,オレンジジュース(短パック)、オレンジジュース、短パック、飲食物、飲み物、302021、のみもの、ドリンク、食事、食べる、飲む,ドロップス/302021オレンジジュース(短パック).png,assets/images/drop_0601.png
drop_0602,302022,オレンジジュース(長パック),飲食物,飲み物,オレンジジュース(長パック)、オレンジジュース、長パック、飲食物、飲み物、302022、のみもの、ドリンク、食事、食べる、飲む,ドロップス/302022オレンジジュース(長パック).png,assets/images/drop_0602.png
drop_0603,302023,りんごジュース(短パック),飲食物,飲み物,りんごジュース(短パック)、りんごジュース、短パック、飲食物、飲み物、302023、のみもの、ドリンク、食事、食べる、飲む,ドロップス/302023りんごジュース(短パック).png,assets/images/drop_0603.png
drop_0604,302024,りんごジュース(長パック),飲食物,飲み物,りんごジュース(長パック)、りんごジュース、長パック、飲食物、飲み物、302024、のみもの、ドリンク、食事、食べる、飲む,ドロップス/302024りんごジュース(長パック).png,assets/images/drop_0604.png
drop_0605,302025,お酒(一升瓶),飲食物,飲み物,お酒(一升瓶)、お酒、一升瓶、飲食物、飲み物、302025、アルコール、酒、さけ、のみもの、ドリンク、食事、食べる、飲む,ドロップス/302025お酒(一升瓶).png,assets/images/drop_0605.png
drop_0606,302026,焼酎(2),飲食物,飲み物,焼酎(2)、焼酎、2、飲食物、飲み物、302026、に、二、のみもの、ドリンク、食事、食べる、飲む,ドロップス/302026焼酎(2).png,assets/images/drop_0606.png
drop_0607,303001,しょうゆ,飲食物,調味料・食品,しょうゆ、飲食物、調味料・食品、303001、醤油、食材、調味料、食事、食べる、飲む,ドロップス/303001しょうゆ.gif,assets/images/drop_0607.gif
drop_0608,303002,ソース,飲食物,調味料・食品,ソース、飲食物、調味料・食品、303002、食材、調味料、食事、食べる、飲む,ドロップス/303002ソース.gif,assets/images/drop_0608.gif
drop_0609,303003,塩,飲食物,調味料・食品,塩、飲食物、調味料・食品、303003、しお、食材、調味料、食事、食べる、飲む,ドロップス/303003塩.gif,assets/images/drop_0609.gif
drop_0610,303008,マヨネーズ,飲食物,調味料・食品,マヨネーズ、飲食物、調味料・食品、303008、食材、調味料、食事、食べる、飲む,ドロップス/303008マヨネーズ.gif,assets/images/drop_0610.gif
drop_0611,303009,ケチャップ,飲食物,調味料・食品,ケチャップ、飲食物、調味料・食品、303009、食材、調味料、食事、食べる、飲む,ドロップス/303009ケチャップ.gif,assets/images/drop_0611.gif
drop_0612,303015,鮭切り身,飲食物,調味料・食品,鮭切り身、飲食物、調味料・食品、303015、食材、調味料、食事、食べる、飲む,ドロップス/303015鮭切り身.png,assets/images/drop_0612.png
drop_0613,303016,カジキ切り身,飲食物,調味料・食品,カジキ切り身、飲食物、調味料・食品、303016、食材、調味料、食事、食べる、飲む,ドロップス/303016カジキ切り身.png,assets/images/drop_0613.png
drop_0614,303017,こしょう,飲食物,調味料・食品,こしょう、飲食物、調味料・食品、303017、食材、調味料、食事、食べる、飲む,ドロップス/303017こしょう.png,assets/images/drop_0614.png
drop_0615,303018,ドレッシング,飲食物,調味料・食品,ドレッシング、飲食物、調味料・食品、303018、食材、調味料、食事、食べる、飲む,ドロップス/303018ドレッシング.png,assets/images/drop_0615.png
drop_0616,303019,明太子,飲食物,調味料・食品,明太子、飲食物、調味料・食品、303019、食材、調味料、食事、食べる、飲む,ドロップス/303019明太子.png,assets/images/drop_0616.png
drop_0617,303020,乾しいたけ,飲食物,調味料・食品,乾しいたけ、飲食物、調味料・食品、303020、食材、調味料、食事、食べる、飲む,ドロップス/303020乾しいたけ.png,assets/images/drop_0617.png
drop_0618,303021,松坂牛,飲食物,調味料・食品,松坂牛、飲食物、調味料・食品、303021、食材、調味料、食事、食べる、飲む,ドロップス/303021松坂牛.png,assets/images/drop_0618.png
drop_0619,400000,1家の中(身の回り)(枠線あり),家の中・身の回り,家の中・身の回り,1家の中(身の回り)(枠線あり)、1家の中、家の中、身の回り、枠線あり、1家、中、家の中・身の回り、400000、いち、線あり、１、ふちあり、一、家、生活,ドロップス/400000_1家の中(身の回り)(枠線あり).gif,assets/images/drop_0619.gif
drop_0620,400000,2家の中(身の回り)(枠線なし),家の中・身の回り,家の中・身の回り,2家の中(身の回り)(枠線なし)、2家の中、家の中、身の回り、枠線なし、2家、中、家の中・身の回り、400000、に、線なし、ふちなし、二、２、家、生活,ドロップス/400000_2家の中(身の回り)(枠線なし).gif,assets/images/drop_0620.gif
drop_0621,401001,家,家の中・身の回り,家・部屋,家、家の中・身の回り、家・部屋、401001、うち、いえ、自宅、生活、身の回り,ドロップス/401001家.gif,assets/images/drop_0621.gif
drop_0622,401002,ドア,家の中・身の回り,家・部屋,ドア、家の中・身の回り、家・部屋、401002、とびら、扉、家、生活、身の回り,ドロップス/401002ドア.gif,assets/images/drop_0622.gif
drop_0623,401003,灯り,家の中・身の回り,家・部屋,灯り、家の中・身の回り、家・部屋、401003、あかり、電気、家、生活、身の回り,ドロップス/401003灯り.gif,assets/images/drop_0623.gif
drop_0624,401004,食堂,家の中・身の回り,家・部屋,食堂、家の中・身の回り、家・部屋、401004、しょくどう、家、生活、身の回り,ドロップス/401004食堂.gif,assets/images/drop_0624.gif
drop_0625,401005,台所,家の中・身の回り,家・部屋,台所、家の中・身の回り、家・部屋、401005、だいどころ、キッチン、家、生活、身の回り,ドロップス/401005台所.gif,assets/images/drop_0625.gif
drop_0626,401006,階段,家の中・身の回り,家・部屋,階段、家の中・身の回り、家・部屋、401006、かいだん、家、生活、身の回り,ドロップス/401006階段.gif,assets/images/drop_0626.gif
drop_0627,401007,手洗い,家の中・身の回り,家・部屋,手洗い、家の中・身の回り、家・部屋、401007、手を洗う、てあらい、家、生活、身の回り,ドロップス/401007手洗い.gif,assets/images/drop_0627.gif
drop_0628,401008,風呂,家の中・身の回り,家・部屋,風呂、家の中・身の回り、家・部屋、401008、入浴、おふろ、家、生活、身の回り,ドロップス/401008風呂.gif,assets/images/drop_0628.gif
drop_0629,401009,シャワー,家の中・身の回り,家・部屋,シャワー、家の中・身の回り、家・部屋、401009、家、生活、身の回り,ドロップス/401009シャワー.gif,assets/images/drop_0629.gif
drop_0630,401010,トイレ(1),家の中・身の回り,家・部屋,トイレ(1)、トイレ、1、家の中・身の回り、家・部屋、401010、お手洗い、WC、便所、一、いち、家、生活、身の回り,ドロップス/401010トイレ(1).gif,assets/images/drop_0630.gif
drop_0631,401011,洗面台,家の中・身の回り,家・部屋,洗面台、家の中・身の回り、家・部屋、401011、せんめんだい、家、生活、身の回り,ドロップス/401011洗面台.gif,assets/images/drop_0631.gif
drop_0632,401012,郵便受け,家の中・身の回り,家・部屋,郵便受け、家の中・身の回り、家・部屋、401012、家、生活、身の回り,ドロップス/401012郵便受け.gif,assets/images/drop_0632.gif
drop_0633,401013,観葉植物,家の中・身の回り,家・部屋,観葉植物、家の中・身の回り、家・部屋、401013、家、生活、身の回り,ドロップス/401013観葉植物.gif,assets/images/drop_0633.gif
drop_0634,401014,庭,家の中・身の回り,家・部屋,庭、家の中・身の回り、家・部屋、401014、にわ、家、生活、身の回り,ドロップス/401014庭.gif,assets/images/drop_0634.gif
drop_0635,401015,廊下,家の中・身の回り,家・部屋,廊下、家の中・身の回り、家・部屋、401015、ろうか、家、生活、身の回り,ドロップス/401015廊下.gif,assets/images/drop_0635.gif
drop_0636,401017,トイレ(2),家の中・身の回り,家・部屋,トイレ(2)、トイレ、2、家の中・身の回り、家・部屋、401017、お手洗い、WC、便所、に、二、家、生活、身の回り,ドロップス/401017トイレ(2).png,assets/images/drop_0636.png
drop_0637,401018,男子トイレ(1),家の中・身の回り,家・部屋,男子トイレ(1)、男子トイレ、1、家の中・身の回り、家・部屋、401018、男性トイレ、男、おとこ、男性、男子、いち、一、家、生活、身の回り,ドロップス/401018男子トイレ(1).png,assets/images/drop_0637.png
drop_0638,401019,男子トイレ(2),家の中・身の回り,家・部屋,男子トイレ(2)、男子トイレ、2、家の中・身の回り、家・部屋、401019、男性トイレ、に、男、おとこ、男性、男子、二、家、生活、身の回り,ドロップス/401019男子トイレ(2).png,assets/images/drop_0638.png
drop_0639,401020,和式トイレ(1),家の中・身の回り,家・部屋,和式トイレ(1)、和式トイレ、1、家の中・身の回り、家・部屋、401020、しゃがむトイレ、一、いち、家、生活、身の回り,ドロップス/401020和式トイレ(1).png,assets/images/drop_0639.png
drop_0640,401021,和式トイレ(2),家の中・身の回り,家・部屋,和式トイレ(2)、和式トイレ、2、家の中・身の回り、家・部屋、401021、しゃがむトイレ、に、二、家、生活、身の回り,ドロップス/401021和式トイレ(2).png,assets/images/drop_0640.png
drop_0641,401022,自分の部屋,家の中・身の回り,家・部屋,自分の部屋、自分、部屋、家の中・身の回り、家・部屋、401022、私、僕、わたし、ぼく、じぶん、おれ、家、生活、身の回り,ドロップス/401022自分の部屋.png,assets/images/drop_0641.png
drop_0642,402001,椅子,家の中・身の回り,家具・家電,椅子、家の中・身の回り、家具・家電、402001、チェア、いす、家、生活、身の回り,ドロップス/402001椅子.gif,assets/images/drop_0642.gif
drop_0643,402002,テーブル,家の中・身の回り,家具・家電,テーブル、家の中・身の回り、家具・家電、402002、机、つくえ、家、生活、身の回り,ドロップス/402002テーブル.gif,assets/images/drop_0643.gif
drop_0644,402003,ベッド,家の中・身の回り,家具・家電,ベッド、家の中・身の回り、家具・家電、402003、家、生活、身の回り,ドロップス/402003ベッド.gif,assets/images/drop_0644.gif
drop_0645,402004,毛布,家の中・身の回り,家具・家電,毛布、家の中・身の回り、家具・家電、402004、もうふ、家、生活、身の回り,ドロップス/402004毛布.gif,assets/images/drop_0645.gif
drop_0646,402005,冷蔵庫,家の中・身の回り,家具・家電,冷蔵庫、家の中・身の回り、家具・家電、402005、れいぞうこ、家、生活、身の回り,ドロップス/402005冷蔵庫.gif,assets/images/drop_0646.gif
drop_0647,402006,洗濯機,家の中・身の回り,家具・家電,洗濯機、家の中・身の回り、家具・家電、402006、せんたくき、家、生活、身の回り,ドロップス/402006洗濯機.gif,assets/images/drop_0647.gif
drop_0648,402007,テレビ,家の中・身の回り,家具・家電,テレビ、家の中・身の回り、家具・家電、402007、家、生活、身の回り,ドロップス/402007テレビ.gif,assets/images/drop_0648.gif
drop_0649,402008,ラジオ,家の中・身の回り,家具・家電,ラジオ、家の中・身の回り、家具・家電、402008、家、生活、身の回り,ドロップス/402008ラジオ.gif,assets/images/drop_0649.gif
drop_0650,402009,電話,家の中・身の回り,家具・家電,電話、家の中・身の回り、家具・家電、402009、でんわ、家、生活、身の回り,ドロップス/402009電話.gif,assets/images/drop_0650.gif
drop_0651,402010,エアコン,家の中・身の回り,家具・家電,エアコン、家の中・身の回り、家具・家電、402010、クーラー、家、生活、身の回り,ドロップス/402010エアコン.gif,assets/images/drop_0651.gif
drop_0652,402011,電子レンジ,家の中・身の回り,家具・家電,電子レンジ、家の中・身の回り、家具・家電、402011、レンジ、家、生活、身の回り,ドロップス/402011電子レンジ.gif,assets/images/drop_0652.gif
drop_0653,402012,パソコン,家の中・身の回り,家具・家電,パソコン、家の中・身の回り、家具・家電、402012、PC、家、生活、身の回り,ドロップス/402012パソコン.gif,assets/images/drop_0653.gif
drop_0654,402015,コタツ,家の中・身の回り,家具・家電,コタツ、家の中・身の回り、家具・家電、402015、家、生活、身の回り,ドロップス/402015コタツ.png,assets/images/drop_0654.png
drop_0655,402016,机,家の中・身の回り,家具・家電,机、家の中・身の回り、家具・家電、402016、つくえ、テーブル、家、生活、身の回り,ドロップス/402016机.gif,assets/images/drop_0655.gif
drop_0656,402023,CDデッキ,家の中・身の回り,家具・家電,CDデッキ、家の中・身の回り、家具・家電、402023、家、生活、身の回り,ドロップス/402023CDデッキ.gif,assets/images/drop_0656.gif
drop_0657,402024,ビデオデッキ,家の中・身の回り,家具・家電,ビデオデッキ、家の中・身の回り、家具・家電、402024、家、生活、身の回り,ドロップス/402024ビデオデッキ.gif,assets/images/drop_0657.gif
drop_0658,402037,パイプ椅子(1),家の中・身の回り,家具・家電,パイプ椅子(1)、パイプ椅子、1、家の中・身の回り、家具・家電、402037、一、いち、家、生活、身の回り,ドロップス/402037パイプ椅子(1).png,assets/images/drop_0658.png
drop_0659,402038,パイプ椅子(2),家の中・身の回り,家具・家電,パイプ椅子(2)、パイプ椅子、2、家の中・身の回り、家具・家電、402038、に、二、家、生活、身の回り,ドロップス/402038パイプ椅子(2).png,assets/images/drop_0659.png
drop_0660,402039,ノートパソコン,家の中・身の回り,家具・家電,ノートパソコン、家の中・身の回り、家具・家電、402039、家、生活、身の回り,ドロップス/402039ノートパソコン.png,assets/images/drop_0660.png
drop_0661,403001,シャツ,家の中・身の回り,衣服・身につける物,シャツ、家の中・身の回り、衣服・身につける物、403001、家、生活、身の回り,ドロップス/403001シャツ.gif,assets/images/drop_0661.gif
drop_0662,403002,ジャンパー,家の中・身の回り,衣服・身につける物,ジャンパー、家の中・身の回り、衣服・身につける物、403002、上着、家、生活、身の回り,ドロップス/403002ジャンパー.gif,assets/images/drop_0662.gif
drop_0663,403003,ズボン,家の中・身の回り,衣服・身につける物,ズボン、家の中・身の回り、衣服・身につける物、403003、パンツ、家、生活、身の回り,ドロップス/403003ズボン.gif,assets/images/drop_0663.gif
drop_0664,403004,スカート,家の中・身の回り,衣服・身につける物,スカート、家の中・身の回り、衣服・身につける物、403004、家、生活、身の回り,ドロップス/403004スカート.gif,assets/images/drop_0664.gif
drop_0665,403005,コート,家の中・身の回り,衣服・身につける物,コート、家の中・身の回り、衣服・身につける物、403005、家、生活、身の回り,ドロップス/403005コート.gif,assets/images/drop_0665.gif
drop_0666,403006,靴下,家の中・身の回り,衣服・身につける物,靴下、家の中・身の回り、衣服・身につける物、403006、くつした、ソックス、家、生活、身の回り,ドロップス/403006靴下.gif,assets/images/drop_0666.gif
drop_0667,403007,靴,家の中・身の回り,衣服・身につける物,靴、家の中・身の回り、衣服・身につける物、403007、シューズ、くつ、家、生活、身の回り,ドロップス/403007靴.gif,assets/images/drop_0667.gif
drop_0668,403008,メガネ,家の中・身の回り,衣服・身につける物,メガネ、家の中・身の回り、衣服・身につける物、403008、眼鏡、家、生活、身の回り,ドロップス/403008メガネ.gif,assets/images/drop_0668.gif
drop_0669,403009,手袋,家の中・身の回り,衣服・身につける物,手袋、家の中・身の回り、衣服・身につける物、403009、てぶくろ、家、生活、身の回り,ドロップス/403009手袋.gif,assets/images/drop_0669.gif
drop_0670,403010,お金,家の中・身の回り,衣服・身につける物,お金、家の中・身の回り、衣服・身につける物、403010、おかね、金、かね、家、生活、身の回り,ドロップス/403010お金.gif,assets/images/drop_0670.gif
drop_0671,403011,財布,家の中・身の回り,衣服・身につける物,財布、家の中・身の回り、衣服・身につける物、403011、さいふ、家、生活、身の回り,ドロップス/403011財布.gif,assets/images/drop_0671.gif
drop_0672,403012,鍵,家の中・身の回り,衣服・身につける物,鍵、家の中・身の回り、衣服・身につける物、403012、かぎ、家、生活、身の回り,ドロップス/403012鍵.gif,assets/images/drop_0672.gif
drop_0673,403013,タバコ,家の中・身の回り,衣服・身につける物,タバコ、家の中・身の回り、衣服・身につける物、403013、家、生活、身の回り,ドロップス/403013タバコ.gif,assets/images/drop_0673.gif
drop_0674,403014,傘,家の中・身の回り,衣服・身につける物,傘、家の中・身の回り、衣服・身につける物、403014、かさ、家、生活、身の回り,ドロップス/403014傘.gif,assets/images/drop_0674.gif
drop_0675,403015,切符,家の中・身の回り,衣服・身につける物,切符、家の中・身の回り、衣服・身につける物、403015、きっぷ、家、生活、身の回り,ドロップス/403015切符.gif,assets/images/drop_0675.gif
drop_0676,403016,カメラ,家の中・身の回り,衣服・身につける物,カメラ、家の中・身の回り、衣服・身につける物、403016、家、生活、身の回り,ドロップス/403016カメラ.gif,assets/images/drop_0676.gif
drop_0677,403017,鞄,家の中・身の回り,衣服・身につける物,鞄、家の中・身の回り、衣服・身につける物、403017、かばん、バッグ、家、生活、身の回り,ドロップス/403017鞄.gif,assets/images/drop_0677.gif
drop_0678,403018,作業着,家の中・身の回り,衣服・身につける物,作業着、家の中・身の回り、衣服・身につける物、403018、さぎょうぎ、家、生活、身の回り,ドロップス/403018作業着.gif,assets/images/drop_0678.gif
drop_0679,403019,エプロン,家の中・身の回り,衣服・身につける物,エプロン、家の中・身の回り、衣服・身につける物、403019、家、生活、身の回り,ドロップス/403019エプロン.gif,assets/images/drop_0679.gif
drop_0680,403020,マスク,家の中・身の回り,衣服・身につける物,マスク、家の中・身の回り、衣服・身につける物、403020、家、生活、身の回り,ドロップス/403020マスク.gif,assets/images/drop_0680.gif
drop_0681,403021,マフラー,家の中・身の回り,衣服・身につける物,マフラー、家の中・身の回り、衣服・身につける物、403021、家、生活、身の回り,ドロップス/403021マフラー.gif,assets/images/drop_0681.gif
drop_0682,403022,定期券,家の中・身の回り,衣服・身につける物,定期券、家の中・身の回り、衣服・身につける物、403022、家、生活、身の回り,ドロップス/403022定期券.gif,assets/images/drop_0682.gif
drop_0683,403023,携帯電話,家の中・身の回り,衣服・身につける物,携帯電話、家の中・身の回り、衣服・身につける物、403023、家、生活、身の回り,ドロップス/403023携帯電話.gif,assets/images/drop_0683.gif
drop_0684,403024,iPhone・iPodtouch,家の中・身の回り,衣服・身につける物,iPhone・iPodtouch、iPhone、iPodtouch、家の中・身の回り、衣服・身につける物、403024、家、生活、身の回り,ドロップス/403024iPhone・iPodtouch.gif,assets/images/drop_0684.gif
drop_0685,403025,リュックサック,家の中・身の回り,衣服・身につける物,リュックサック、家の中・身の回り、衣服・身につける物、403025、家、生活、身の回り,ドロップス/403025リュックサック.gif,assets/images/drop_0685.gif
drop_0686,403026,ボストンバッグ,家の中・身の回り,衣服・身につける物,ボストンバッグ、家の中・身の回り、衣服・身につける物、403026、家、生活、身の回り,ドロップス/403026ボストンバッグ.gif,assets/images/drop_0686.gif
drop_0687,403027,ランドセル(黒),家の中・身の回り,衣服・身につける物,ランドセル(黒)、ランドセル、黒、家の中・身の回り、衣服・身につける物、403027、家、生活、身の回り,ドロップス/403027ランドセル(黒).gif,assets/images/drop_0687.gif
drop_0688,403028,ランドセル(赤),家の中・身の回り,衣服・身につける物,ランドセル(赤)、ランドセル、赤、家の中・身の回り、衣服・身につける物、403028、家、生活、身の回り,ドロップス/403028ランドセル(赤).gif,assets/images/drop_0688.gif
drop_0689,403029１,円硬貨,家の中・身の回り,衣服・身につける物,円硬貨、家の中・身の回り、衣服・身につける物、403029１、家、生活、身の回り,ドロップス/403029１円硬貨.gif,assets/images/drop_0689.gif
drop_0690,403030５,円硬貨,家の中・身の回り,衣服・身につける物,円硬貨、家の中・身の回り、衣服・身につける物、403030５、家、生活、身の回り,ドロップス/403030５円硬貨.gif,assets/images/drop_0690.gif
drop_0691,403031１０,円硬貨,家の中・身の回り,衣服・身につける物,円硬貨、家の中・身の回り、衣服・身につける物、403031１０、家、生活、身の回り,ドロップス/403031１０円硬貨.gif,assets/images/drop_0691.gif
drop_0692,403032５０,円硬貨,家の中・身の回り,衣服・身につける物,円硬貨、家の中・身の回り、衣服・身につける物、403032５０、家、生活、身の回り,ドロップス/403032５０円硬貨.gif,assets/images/drop_0692.gif
drop_0693,403033１００,円硬貨,家の中・身の回り,衣服・身につける物,円硬貨、家の中・身の回り、衣服・身につける物、403033１００、家、生活、身の回り,ドロップス/403033１００円硬貨.gif,assets/images/drop_0693.gif
drop_0694,403034５００,円硬貨,家の中・身の回り,衣服・身につける物,円硬貨、家の中・身の回り、衣服・身につける物、403034５００、家、生活、身の回り,ドロップス/403034５００円硬貨.gif,assets/images/drop_0694.gif
drop_0695,403035１０００,円紙幣,家の中・身の回り,衣服・身につける物,円紙幣、家の中・身の回り、衣服・身につける物、403035１０００、家、生活、身の回り,ドロップス/403035１０００円紙幣.gif,assets/images/drop_0695.gif
drop_0696,403036２０００,円紙幣,家の中・身の回り,衣服・身につける物,円紙幣、家の中・身の回り、衣服・身につける物、403036２０００、家、生活、身の回り,ドロップス/403036２０００円紙幣.gif,assets/images/drop_0696.gif
drop_0697,403037５０００,円紙幣,家の中・身の回り,衣服・身につける物,円紙幣、家の中・身の回り、衣服・身につける物、403037５０００、家、生活、身の回り,ドロップス/403037５０００円紙幣.gif,assets/images/drop_0697.gif
drop_0698,403038１００００,円紙幣,家の中・身の回り,衣服・身につける物,円紙幣、家の中・身の回り、衣服・身につける物、403038１００００、家、生活、身の回り,ドロップス/403038１００００円紙幣.gif,assets/images/drop_0698.gif
drop_0699,403058,ヘルメット,家の中・身の回り,衣服・身につける物,ヘルメット、家の中・身の回り、衣服・身につける物、403058、家、生活、身の回り,ドロップス/403058ヘルメット.png,assets/images/drop_0699.png
drop_0700,403059,園児服(1),家の中・身の回り,衣服・身につける物,園児服(1)、園児服、1、家の中・身の回り、衣服・身につける物、403059、一、いち、家、生活、身の回り,ドロップス/403059園児服(1).png,assets/images/drop_0700.png
drop_0701,403060,園児服(2),家の中・身の回り,衣服・身につける物,園児服(2)、園児服、2、家の中・身の回り、衣服・身につける物、403060、に、二、家、生活、身の回り,ドロップス/403060園児服(2).png,assets/images/drop_0701.png
drop_0702,403061,園児服(3),家の中・身の回り,衣服・身につける物,園児服(3)、園児服、3、家の中・身の回り、衣服・身につける物、403061、三、さん、家、生活、身の回り,ドロップス/403061園児服(3).png,assets/images/drop_0702.png
drop_0703,403062,園児服(4),家の中・身の回り,衣服・身につける物,園児服(4)、園児服、4、家の中・身の回り、衣服・身につける物、403062、よん、四、し、家、生活、身の回り,ドロップス/403062園児服(4).png,assets/images/drop_0703.png
drop_0704,403063,園児服(5),家の中・身の回り,衣服・身につける物,園児服(5)、園児服、5、家の中・身の回り、衣服・身につける物、403063、五、ご、家、生活、身の回り,ドロップス/403063園児服(5).png,assets/images/drop_0704.png
drop_0705,403064,園児帽(1),家の中・身の回り,衣服・身につける物,園児帽(1)、園児帽、1、家の中・身の回り、衣服・身につける物、403064、一、いち、家、生活、身の回り,ドロップス/403064園児帽(1).png,assets/images/drop_0705.png
drop_0706,403065,園児帽(2),家の中・身の回り,衣服・身につける物,園児帽(2)、園児帽、2、家の中・身の回り、衣服・身につける物、403065、に、二、家、生活、身の回り,ドロップス/403065園児帽(2).png,assets/images/drop_0706.png
drop_0707,403066,園児帽(3),家の中・身の回り,衣服・身につける物,園児帽(3)、園児帽、3、家の中・身の回り、衣服・身につける物、403066、三、さん、家、生活、身の回り,ドロップス/403066園児帽(3).png,assets/images/drop_0707.png
drop_0708,403067,園児帽(4),家の中・身の回り,衣服・身につける物,園児帽(4)、園児帽、4、家の中・身の回り、衣服・身につける物、403067、よん、四、し、家、生活、身の回り,ドロップス/403067園児帽(4).png,assets/images/drop_0708.png
drop_0709,403068,園児帽(5),家の中・身の回り,衣服・身につける物,園児帽(5)、園児帽、5、家の中・身の回り、衣服・身につける物、403068、五、ご、家、生活、身の回り,ドロップス/403068園児帽(5).png,assets/images/drop_0709.png
drop_0710,403069,法被(1),家の中・身の回り,衣服・身につける物,法被(1)、法被、1、家の中・身の回り、衣服・身につける物、403069、一、いち、家、生活、身の回り,ドロップス/403069法被(1).png,assets/images/drop_0710.png
drop_0711,403070,法被(2),家の中・身の回り,衣服・身につける物,法被(2)、法被、2、家の中・身の回り、衣服・身につける物、403070、に、二、家、生活、身の回り,ドロップス/403070法被(2).png,assets/images/drop_0711.png
drop_0712,403071,おたよりケース,家の中・身の回り,衣服・身につける物,おたよりケース、おた、ケース、家の中・身の回り、衣服・身につける物、403071、家、生活、身の回り,ドロップス/403071おたよりケース.png,assets/images/drop_0712.png
drop_0713,403072,ブラジャー,家の中・身の回り,衣服・身につける物,ブラジャー、家の中・身の回り、衣服・身につける物、403072、家、生活、身の回り,ドロップス/403072ブラジャー.png,assets/images/drop_0713.png
drop_0714,403073,冬用帽子,家の中・身の回り,衣服・身につける物,冬用帽子、家の中・身の回り、衣服・身につける物、403073、家、生活、身の回り,ドロップス/403073冬用帽子.png,assets/images/drop_0714.png
drop_0715,403074,軍手,家の中・身の回り,衣服・身につける物,軍手、家の中・身の回り、衣服・身につける物、403074、家、生活、身の回り,ドロップス/403074軍手.png,assets/images/drop_0715.png
drop_0716,403075,学生服(男子),家の中・身の回り,衣服・身につける物,学生服(男子)、学生服、男子、家の中・身の回り、衣服・身につける物、403075、男、おとこ、男性、だんし、メンズ、だんせい、家、生活、身の回り,ドロップス/403075学生服(男子).png,assets/images/drop_0716.png
drop_0717,403076,セーラー服(女子),家の中・身の回り,衣服・身につける物,セーラー服(女子)、セーラー服、女子、家の中・身の回り、衣服・身につける物、403076、おんな、女性、女、レディース、じょせい、じょし、家、生活、身の回り,ドロップス/403076セーラー服(女子).png,assets/images/drop_0717.png
drop_0718,403077,ブレザー(男子),家の中・身の回り,衣服・身につける物,ブレザー(男子)、ブレザー、男子、家の中・身の回り、衣服・身につける物、403077、男、おとこ、男性、だんし、メンズ、だんせい、家、生活、身の回り,ドロップス/403077ブレザー(男子).png,assets/images/drop_0718.png
drop_0719,403078,ブレザー(女子),家の中・身の回り,衣服・身につける物,ブレザー(女子)、ブレザー、女子、家の中・身の回り、衣服・身につける物、403078、おんな、女性、女、レディース、じょせい、じょし、家、生活、身の回り,ドロップス/403078ブレザー(女子).png,assets/images/drop_0719.png
drop_0720,403079,スーツ(男性),家の中・身の回り,衣服・身につける物,スーツ(男性)、スーツ、男性、家の中・身の回り、衣服・身につける物、403079、男、おとこ、男子、だんし、メンズ、だんせい、家、生活、身の回り,ドロップス/403079スーツ(男性).png,assets/images/drop_0720.png
drop_0721,403080,スーツ(女性),家の中・身の回り,衣服・身につける物,スーツ(女性)、スーツ、女性、家の中・身の回り、衣服・身につける物、403080、おんな、女、レディース、じょせい、じょし、女子、家、生活、身の回り,ドロップス/403080スーツ(女性).png,assets/images/drop_0721.png
drop_0722,403081,ジャージ(夏用),家の中・身の回り,衣服・身につける物,ジャージ(夏用)、ジャージ、夏用、家の中・身の回り、衣服・身につける物、403081、家、生活、身の回り,ドロップス/403081ジャージ(夏用).png,assets/images/drop_0722.png
drop_0723,403082,ジャージ(冬用),家の中・身の回り,衣服・身につける物,ジャージ(冬用)、ジャージ、冬用、家の中・身の回り、衣服・身につける物、403082、家、生活、身の回り,ドロップス/403082ジャージ(冬用).png,assets/images/drop_0723.png
drop_0724,403083,水着(男子),家の中・身の回り,衣服・身につける物,水着(男子)、水着、男子、家の中・身の回り、衣服・身につける物、403083、男、おとこ、男性、だんし、メンズ、だんせい、家、生活、身の回り,ドロップス/403083水着(男子).png,assets/images/drop_0724.png
drop_0725,403084,水着(女子),家の中・身の回り,衣服・身につける物,水着(女子)、水着、女子、家の中・身の回り、衣服・身につける物、403084、おんな、女性、女、レディース、じょせい、じょし、家、生活、身の回り,ドロップス/403084水着(女子).png,assets/images/drop_0725.png
drop_0726,403085,園児帽(6),家の中・身の回り,衣服・身につける物,園児帽(6)、園児帽、6、家の中・身の回り、衣服・身につける物、403085、ろく、六、家、生活、身の回り,ドロップス/403085園児帽(6).png,assets/images/drop_0726.png
drop_0727,403086,スーツケース,家の中・身の回り,衣服・身につける物,スーツケース、家の中・身の回り、衣服・身につける物、403086、家、生活、身の回り,ドロップス/403086スーツケース.png,assets/images/drop_0727.png
drop_0728,403087,巾着,家の中・身の回り,衣服・身につける物,巾着、家の中・身の回り、衣服・身につける物、403087、家、生活、身の回り,ドロップス/403087巾着.png,assets/images/drop_0728.png
drop_0729,403088,ポーチ,家の中・身の回り,衣服・身につける物,ポーチ、家の中・身の回り、衣服・身につける物、403088、家、生活、身の回り,ドロップス/403088ポーチ.png,assets/images/drop_0729.png
drop_0730,403089,コミュニケーションブック,家の中・身の回り,衣服・身につける物,コミュニケーションブック、家の中・身の回り、衣服・身につける物、403089、家、生活、身の回り,ドロップス/403089コミュニケーションブック.png,assets/images/drop_0730.png
drop_0731,403090,水筒,家の中・身の回り,衣服・身につける物,水筒、家の中・身の回り、衣服・身につける物、403090、家、生活、身の回り,ドロップス/403090水筒.png,assets/images/drop_0731.png
drop_0732,403091,カチューシャ,家の中・身の回り,衣服・身につける物,カチューシャ、家の中・身の回り、衣服・身につける物、403091、家、生活、身の回り,ドロップス/403091カチューシャ.png,assets/images/drop_0732.png
drop_0733,403092,リボン,家の中・身の回り,衣服・身につける物,リボン、家の中・身の回り、衣服・身につける物、403092、家、生活、身の回り,ドロップス/403092リボン.png,assets/images/drop_0733.png
drop_0734,403093,iPhone5,家の中・身の回り,衣服・身につける物,iPhone5、家の中・身の回り、衣服・身につける物、403093、５、五、ご、家、生活、身の回り,ドロップス/403093iPhone5.png,assets/images/drop_0734.png
drop_0735,403094,iPad,家の中・身の回り,衣服・身につける物,iPad、家の中・身の回り、衣服・身につける物、403094、家、生活、身の回り,ドロップス/403094iPad.png,assets/images/drop_0735.png
drop_0736,403095,旅のしおり,家の中・身の回り,衣服・身につける物,旅のしおり、旅、しおり、家の中・身の回り、衣服・身につける物、403095、家、生活、身の回り,ドロップス/403095旅のしおり.png,assets/images/drop_0736.png
drop_0737,404001,本,家の中・身の回り,文具・遊び・道具,本、家の中・身の回り、文具・遊び・道具、404001、ほん、家、生活、身の回り,ドロップス/404001本.gif,assets/images/drop_0737.gif
drop_0738,404002,紙,家の中・身の回り,文具・遊び・道具,紙、家の中・身の回り、文具・遊び・道具、404002、かみ、家、生活、身の回り,ドロップス/404002紙.gif,assets/images/drop_0738.gif
drop_0739,404003,鉛筆,家の中・身の回り,文具・遊び・道具,鉛筆、家の中・身の回り、文具・遊び・道具、404003、えんぴつ、家、生活、身の回り,ドロップス/404003鉛筆.gif,assets/images/drop_0739.gif
drop_0740,404004,ハサミ,家の中・身の回り,文具・遊び・道具,ハサミ、家の中・身の回り、文具・遊び・道具、404004、家、生活、身の回り,ドロップス/404004ハサミ.gif,assets/images/drop_0740.gif
drop_0741,404005,消しゴム,家の中・身の回り,文具・遊び・道具,消しゴム、家の中・身の回り、文具・遊び・道具、404005、けしごむ、家、生活、身の回り,ドロップス/404005消しゴム.gif,assets/images/drop_0741.gif
drop_0742,404006,玩具,家の中・身の回り,文具・遊び・道具,玩具、家の中・身の回り、文具・遊び・道具、404006、おもちゃ、家、生活、身の回り,ドロップス/404006玩具.gif,assets/images/drop_0742.gif
drop_0743,404007,カセットテープ,家の中・身の回り,文具・遊び・道具,カセットテープ、家の中・身の回り、文具・遊び・道具、404007、家、生活、身の回り,ドロップス/404007カセットテープ.gif,assets/images/drop_0743.gif
drop_0744,404008,CD,家の中・身の回り,文具・遊び・道具,CD、家の中・身の回り、文具・遊び・道具、404008、しーでぃー、家、生活、身の回り,ドロップス/404008CD.gif,assets/images/drop_0744.gif
drop_0745,404010,ニンテンドーDS,家の中・身の回り,文具・遊び・道具,ニンテンドーDS、家の中・身の回り、文具・遊び・道具、404010、家、生活、身の回り,ドロップス/404010ニンテンドーDS.gif,assets/images/drop_0745.gif
drop_0746,404011,サッカーボール,家の中・身の回り,文具・遊び・道具,サッカーボール、家の中・身の回り、文具・遊び・道具、404011、サッカー、家、生活、身の回り,ドロップス/404011サッカーボール.gif,assets/images/drop_0746.gif
drop_0747,404012,野球ボール,家の中・身の回り,文具・遊び・道具,野球ボール、家の中・身の回り、文具・遊び・道具、404012、野球、家、生活、身の回り,ドロップス/404012野球ボール.gif,assets/images/drop_0747.gif
drop_0748,404036,色画用紙,家の中・身の回り,文具・遊び・道具,色画用紙、家の中・身の回り、文具・遊び・道具、404036、家、生活、身の回り,ドロップス/404036色画用紙.png,assets/images/drop_0748.png
drop_0749,404037,色鉛筆,家の中・身の回り,文具・遊び・道具,色鉛筆、家の中・身の回り、文具・遊び・道具、404037、いろえんぴつ、家、生活、身の回り,ドロップス/404037色鉛筆.png,assets/images/drop_0749.png
drop_0750,404038,クーピーペンシル,家の中・身の回り,文具・遊び・道具,クーピーペンシル、家の中・身の回り、文具・遊び・道具、404038、家、生活、身の回り,ドロップス/404038クーピーペンシル.png,assets/images/drop_0750.png
drop_0751,404039,チューブのり,家の中・身の回り,文具・遊び・道具,チューブのり、チューブ、り、家の中・身の回り、文具・遊び・道具、404039、家、生活、身の回り,ドロップス/404039チューブのり.png,assets/images/drop_0751.png
drop_0752,404040,工作のり,家の中・身の回り,文具・遊び・道具,工作のり、工作、り、家の中・身の回り、文具・遊び・道具、404040、家、生活、身の回り,ドロップス/404040工作のり.png,assets/images/drop_0752.png
drop_0753,404041,フラフープ,家の中・身の回り,文具・遊び・道具,フラフープ、家の中・身の回り、文具・遊び・道具、404041、家、生活、身の回り,ドロップス/404041フラフープ.png,assets/images/drop_0753.png
drop_0754,404042,一輪車,家の中・身の回り,文具・遊び・道具,一輪車、家の中・身の回り、文具・遊び・道具、404042、いちりんしゃ、家、生活、身の回り,ドロップス/404042一輪車.png,assets/images/drop_0754.png
drop_0755,404043,キーボード,家の中・身の回り,文具・遊び・道具,キーボード、家の中・身の回り、文具・遊び・道具、404043、家、生活、身の回り,ドロップス/404043キーボード.png,assets/images/drop_0755.png
drop_0756,404044,風船,家の中・身の回り,文具・遊び・道具,風船、家の中・身の回り、文具・遊び・道具、404044、ふうせん、家、生活、身の回り,ドロップス/404044風船.png,assets/images/drop_0756.png
drop_0757,404045,ヨーヨー風船,家の中・身の回り,文具・遊び・道具,ヨーヨー風船、家の中・身の回り、文具・遊び・道具、404045、家、生活、身の回り,ドロップス/404045ヨーヨー風船.png,assets/images/drop_0757.png
drop_0758,404046,だるま,家の中・身の回り,文具・遊び・道具,だるま、家の中・身の回り、文具・遊び・道具、404046、家、生活、身の回り,ドロップス/404046だるま.png,assets/images/drop_0758.png
drop_0759,404047,バスケットボール,家の中・身の回り,文具・遊び・道具,バスケットボール、家の中・身の回り、文具・遊び・道具、404047、家、生活、身の回り,ドロップス/404047バスケットボール.png,assets/images/drop_0759.png
drop_0760,404048,ボウリング,家の中・身の回り,文具・遊び・道具,ボウリング、家の中・身の回り、文具・遊び・道具、404048、家、生活、身の回り,ドロップス/404048ボウリング.png,assets/images/drop_0760.png
drop_0761,404049,ボウリングのボール,家の中・身の回り,文具・遊び・道具,ボウリングのボール、ボウリング、ボール、家の中・身の回り、文具・遊び・道具、404049、家、生活、身の回り,ドロップス/404049ボウリングのボール.png,assets/images/drop_0761.png
drop_0762,404050,ボウリングのピン,家の中・身の回り,文具・遊び・道具,ボウリングのピン、ボウリング、ピン、家の中・身の回り、文具・遊び・道具、404050、家、生活、身の回り,ドロップス/404050ボウリングのピン.png,assets/images/drop_0762.png
drop_0763,404051,パズル,家の中・身の回り,文具・遊び・道具,パズル、家の中・身の回り、文具・遊び・道具、404051、家、生活、身の回り,ドロップス/404051パズル.png,assets/images/drop_0763.png
drop_0764,404052,ジグソーパズル,家の中・身の回り,文具・遊び・道具,ジグソーパズル、家の中・身の回り、文具・遊び・道具、404052、家、生活、身の回り,ドロップス/404052ジグソーパズル.png,assets/images/drop_0764.png
drop_0765,404053,糸電話,家の中・身の回り,文具・遊び・道具,糸電話、家の中・身の回り、文具・遊び・道具、404053、家、生活、身の回り,ドロップス/404053糸電話.png,assets/images/drop_0765.png
drop_0766,404054,ビンゴ,家の中・身の回り,文具・遊び・道具,ビンゴ、家の中・身の回り、文具・遊び・道具、404054、家、生活、身の回り,ドロップス/404054ビンゴ.png,assets/images/drop_0766.png
drop_0767,404055,カスタネット,家の中・身の回り,文具・遊び・道具,カスタネット、家の中・身の回り、文具・遊び・道具、404055、家、生活、身の回り,ドロップス/404055カスタネット.png,assets/images/drop_0767.png
drop_0768,404056,トライアングル,家の中・身の回り,文具・遊び・道具,トライアングル、家の中・身の回り、文具・遊び・道具、404056、家、生活、身の回り,ドロップス/404056トライアングル.png,assets/images/drop_0768.png
drop_0769,404057,ギター,家の中・身の回り,文具・遊び・道具,ギター、家の中・身の回り、文具・遊び・道具、404057、家、生活、身の回り,ドロップス/404057ギター.png,assets/images/drop_0769.png
drop_0770,404058,木琴,家の中・身の回り,文具・遊び・道具,木琴、家の中・身の回り、文具・遊び・道具、404058、家、生活、身の回り,ドロップス/404058木琴.png,assets/images/drop_0770.png
drop_0771,404059,鉄琴,家の中・身の回り,文具・遊び・道具,鉄琴、家の中・身の回り、文具・遊び・道具、404059、家、生活、身の回り,ドロップス/404059鉄琴.png,assets/images/drop_0771.png
drop_0772,404060,ハンドベル(1),家の中・身の回り,文具・遊び・道具,ハンドベル(1)、ハンドベル、1、家の中・身の回り、文具・遊び・道具、404060、一、いち、家、生活、身の回り,ドロップス/404060ハンドベル(1).png,assets/images/drop_0772.png
drop_0773,404061,ハンドベル(2),家の中・身の回り,文具・遊び・道具,ハンドベル(2)、ハンドベル、2、家の中・身の回り、文具・遊び・道具、404061、に、二、家、生活、身の回り,ドロップス/404061ハンドベル(2).png,assets/images/drop_0773.png
drop_0774,404062,体育マット,家の中・身の回り,文具・遊び・道具,体育マット、家の中・身の回り、文具・遊び・道具、404062、家、生活、身の回り,ドロップス/404062体育マット.png,assets/images/drop_0774.png
drop_0775,404063,平均台,家の中・身の回り,文具・遊び・道具,平均台、家の中・身の回り、文具・遊び・道具、404063、家、生活、身の回り,ドロップス/404063平均台.png,assets/images/drop_0775.png
drop_0776,404064,カラーコーン(1),家の中・身の回り,文具・遊び・道具,カラーコーン(1)、カラーコーン、1、家の中・身の回り、文具・遊び・道具、404064、一、いち、家、生活、身の回り,ドロップス/404064カラーコーン(1).png,assets/images/drop_0776.png
drop_0777,404065,カラーコーン(2),家の中・身の回り,文具・遊び・道具,カラーコーン(2)、カラーコーン、2、家の中・身の回り、文具・遊び・道具、404065、に、二、家、生活、身の回り,ドロップス/404065カラーコーン(2).png,assets/images/drop_0777.png
drop_0778,404066,タイヤ(遊具),家の中・身の回り,文具・遊び・道具,タイヤ(遊具)、タイヤ、遊具、家の中・身の回り、文具・遊び・道具、404066、家、生活、身の回り,ドロップス/404066タイヤ(遊具).png,assets/images/drop_0778.png
drop_0779,404067,鏡餅,家の中・身の回り,文具・遊び・道具,鏡餅、家の中・身の回り、文具・遊び・道具、404067、家、生活、身の回り,ドロップス/404067鏡餅.png,assets/images/drop_0779.png
drop_0780,404068,おひな様,家の中・身の回り,文具・遊び・道具,おひな様、家の中・身の回り、文具・遊び・道具、404068、家、生活、身の回り,ドロップス/404068おひな様.png,assets/images/drop_0780.png
drop_0781,404069,菱餅,家の中・身の回り,文具・遊び・道具,菱餅、家の中・身の回り、文具・遊び・道具、404069、家、生活、身の回り,ドロップス/404069菱餅.png,assets/images/drop_0781.png
drop_0782,404071,クリスマスツリー,家の中・身の回り,文具・遊び・道具,クリスマスツリー、家の中・身の回り、文具・遊び・道具、404071、家、生活、身の回り,ドロップス/404071クリスマスツリー.png,assets/images/drop_0782.png
drop_0783,404072,キックスケーター,家の中・身の回り,文具・遊び・道具,キックスケーター、家の中・身の回り、文具・遊び・道具、404072、家、生活、身の回り,ドロップス/404072キックスケーター.png,assets/images/drop_0783.png
drop_0784,404073,リコーダー,家の中・身の回り,文具・遊び・道具,リコーダー、家の中・身の回り、文具・遊び・道具、404073、家、生活、身の回り,ドロップス/404073リコーダー.png,assets/images/drop_0784.png
drop_0785,404074,トランポリン(器具),家の中・身の回り,文具・遊び・道具,トランポリン(器具)、トランポリン、器具、家の中・身の回り、文具・遊び・道具、404074、家、生活、身の回り,ドロップス/404074トランポリン(器具).png,assets/images/drop_0785.png
drop_0786,404075,エアトランポリン(器具),家の中・身の回り,文具・遊び・道具,エアトランポリン(器具)、エアトランポリン、器具、家の中・身の回り、文具・遊び・道具、404075、家、生活、身の回り,ドロップス/404075エアトランポリン(器具).png,assets/images/drop_0786.png
drop_0787,404076,跳び箱,家の中・身の回り,文具・遊び・道具,跳び箱、家の中・身の回り、文具・遊び・道具、404076、家、生活、身の回り,ドロップス/404076跳び箱.png,assets/images/drop_0787.png
drop_0788,404077,ピコピコハンマー,家の中・身の回り,文具・遊び・道具,ピコピコハンマー、家の中・身の回り、文具・遊び・道具、404077、家、生活、身の回り,ドロップス/404077ピコピコハンマー.png,assets/images/drop_0788.png
drop_0789,404078,スペースリング,家の中・身の回り,文具・遊び・道具,スペースリング、家の中・身の回り、文具・遊び・道具、404078、家、生活、身の回り,ドロップス/404078スペースリング.png,assets/images/drop_0789.png
drop_0790,404079,さるぼぼ,家の中・身の回り,文具・遊び・道具,さるぼぼ、家の中・身の回り、文具・遊び・道具、404079、家、生活、身の回り,ドロップス/404079さるぼぼ.png,assets/images/drop_0790.png
drop_0791,404099,鯉のぼり,家の中・身の回り,文具・遊び・道具,鯉のぼり、鯉、ぼり、家の中・身の回り、文具・遊び・道具、404099、家、生活、身の回り,ドロップス/404099鯉のぼり.png,assets/images/drop_0791.png
drop_0792,404100,ジャックオランタン,家の中・身の回り,文具・遊び・道具,ジャックオランタン、家の中・身の回り、文具・遊び・道具、404100、家、生活、身の回り,ドロップス/404100ジャックオランタン.png,assets/images/drop_0792.png
drop_0793,405001,コップ,家の中・身の回り,食器・日用品,コップ、家の中・身の回り、食器・日用品、405001、家、生活、身の回り,ドロップス/405001コップ.gif,assets/images/drop_0793.gif
drop_0794,405002,カップ,家の中・身の回り,食器・日用品,カップ、家の中・身の回り、食器・日用品、405002、家、生活、身の回り,ドロップス/405002カップ.gif,assets/images/drop_0794.gif
drop_0795,405003,皿,家の中・身の回り,食器・日用品,皿、家の中・身の回り、食器・日用品、405003、さら、家、生活、身の回り,ドロップス/405003皿.gif,assets/images/drop_0795.gif
drop_0796,405004,茶碗,家の中・身の回り,食器・日用品,茶碗、家の中・身の回り、食器・日用品、405004、ちゃわん、家、生活、身の回り,ドロップス/405004茶碗.gif,assets/images/drop_0796.gif
drop_0797,405005,箸,家の中・身の回り,食器・日用品,箸、家の中・身の回り、食器・日用品、405005、はし、家、生活、身の回り,ドロップス/405005箸.gif,assets/images/drop_0797.gif
drop_0798,405006,スプーン,家の中・身の回り,食器・日用品,スプーン、家の中・身の回り、食器・日用品、405006、家、生活、身の回り,ドロップス/405006スプーン.gif,assets/images/drop_0798.gif
drop_0799,405007,フォーク,家の中・身の回り,食器・日用品,フォーク、家の中・身の回り、食器・日用品、405007、家、生活、身の回り,ドロップス/405007フォーク.gif,assets/images/drop_0799.gif
drop_0800,405008,ナイフ,家の中・身の回り,食器・日用品,ナイフ、家の中・身の回り、食器・日用品、405008、家、生活、身の回り,ドロップス/405008ナイフ.gif,assets/images/drop_0800.gif
drop_0801,405009,石鹸,家の中・身の回り,食器・日用品,石鹸、家の中・身の回り、食器・日用品、405009、せっけん、家、生活、身の回り,ドロップス/405009石鹸.gif,assets/images/drop_0801.gif
drop_0802,405010,歯磨き粉,家の中・身の回り,食器・日用品,歯磨き粉、家の中・身の回り、食器・日用品、405010、はみがきこ、家、生活、身の回り,ドロップス/405010歯磨き粉.gif,assets/images/drop_0802.gif
drop_0803,405011,歯ブラシ,家の中・身の回り,食器・日用品,歯ブラシ、家の中・身の回り、食器・日用品、405011、はぶらし、家、生活、身の回り,ドロップス/405011歯ブラシ.gif,assets/images/drop_0803.gif
drop_0804,405012,タオル,家の中・身の回り,食器・日用品,タオル、家の中・身の回り、食器・日用品、405012、家、生活、身の回り,ドロップス/405012タオル.gif,assets/images/drop_0804.gif
drop_0805,405013,髭剃り,家の中・身の回り,食器・日用品,髭剃り、家の中・身の回り、食器・日用品、405013、家、生活、身の回り,ドロップス/405013髭剃り.gif,assets/images/drop_0805.gif
drop_0806,405014,鏡(1),家の中・身の回り,食器・日用品,鏡(1)、鏡、1、家の中・身の回り、食器・日用品、405014、かがみ、一、いち、家、生活、身の回り,ドロップス/405014鏡(1).gif,assets/images/drop_0806.gif
drop_0807,405015,ティッシュペーパー,家の中・身の回り,食器・日用品,ティッシュペーパー、家の中・身の回り、食器・日用品、405015、ティッシュ、家、生活、身の回り,ドロップス/405015ティッシュペーパー.gif,assets/images/drop_0807.gif
drop_0808,405016,トイレットペーパー,家の中・身の回り,食器・日用品,トイレットペーパー、家の中・身の回り、食器・日用品、405016、トイペ、家、生活、身の回り,ドロップス/405016トイレットペーパー.gif,assets/images/drop_0808.gif
drop_0809,405017,時計,家の中・身の回り,食器・日用品,時計、家の中・身の回り、食器・日用品、405017、とけい、家、生活、身の回り,ドロップス/405017時計.gif,assets/images/drop_0809.gif
drop_0810,405018,灰皿,家の中・身の回り,食器・日用品,灰皿、家の中・身の回り、食器・日用品、405018、家、生活、身の回り,ドロップス/405018灰皿.gif,assets/images/drop_0810.gif
drop_0811,405019,体温計,家の中・身の回り,食器・日用品,体温計、家の中・身の回り、食器・日用品、405019、たいおんけい、家、生活、身の回り,ドロップス/405019体温計.gif,assets/images/drop_0811.gif
drop_0812,405020,薬,家の中・身の回り,食器・日用品,薬、家の中・身の回り、食器・日用品、405020、くすり、家、生活、身の回り,ドロップス/405020薬.gif,assets/images/drop_0812.gif
drop_0813,405021,救急箱,家の中・身の回り,食器・日用品,救急箱、家の中・身の回り、食器・日用品、405021、家、生活、身の回り,ドロップス/405021救急箱.gif,assets/images/drop_0813.gif
drop_0814,405022,鏡(2),家の中・身の回り,食器・日用品,鏡(2)、鏡、2、家の中・身の回り、食器・日用品、405022、かがみ、に、二、家、生活、身の回り,ドロップス/405022鏡(2).gif,assets/images/drop_0814.gif
drop_0815,405023,雑巾,家の中・身の回り,食器・日用品,雑巾、家の中・身の回り、食器・日用品、405023、家、生活、身の回り,ドロップス/405023雑巾.gif,assets/images/drop_0815.gif
drop_0816,405024,バケツ,家の中・身の回り,食器・日用品,バケツ、家の中・身の回り、食器・日用品、405024、家、生活、身の回り,ドロップス/405024バケツ.gif,assets/images/drop_0816.gif
drop_0817,405025,ほうき,家の中・身の回り,食器・日用品,ほうき、家の中・身の回り、食器・日用品、405025、家、生活、身の回り,ドロップス/405025ほうき.gif,assets/images/drop_0817.gif
drop_0818,405026,ちりとり,家の中・身の回り,食器・日用品,ちりとり、ちり、り、家の中・身の回り、食器・日用品、405026、家、生活、身の回り,ドロップス/405026ちりとり.gif,assets/images/drop_0818.gif
drop_0819,405027,モップ,家の中・身の回り,食器・日用品,モップ、家の中・身の回り、食器・日用品、405027、家、生活、身の回り,ドロップス/405027モップ.gif,assets/images/drop_0819.gif
drop_0820,405028,タイムタイマー,家の中・身の回り,食器・日用品,タイムタイマー、家の中・身の回り、食器・日用品、405028、家、生活、身の回り,ドロップス/405028タイムタイマー.gif,assets/images/drop_0820.gif
drop_0821,405029,メニュー,家の中・身の回り,食器・日用品,メニュー、家の中・身の回り、食器・日用品、405029、家、生活、身の回り,ドロップス/405029メニュー.gif,assets/images/drop_0821.gif
drop_0822,405076,臼と杵,家の中・身の回り,食器・日用品,臼と杵、臼、杵、家の中・身の回り、食器・日用品、405076、家、生活、身の回り,ドロップス/405076臼と杵.png,assets/images/drop_0822.png
drop_0823,405077,紙オムツ,家の中・身の回り,食器・日用品,紙オムツ、家の中・身の回り、食器・日用品、405077、家、生活、身の回り,ドロップス/405077紙オムツ.png,assets/images/drop_0823.png
drop_0824,405078,粘土ベラ,家の中・身の回り,食器・日用品,粘土ベラ、家の中・身の回り、食器・日用品、405078、家、生活、身の回り,ドロップス/405078粘土ベラ.png,assets/images/drop_0824.png
drop_0825,405079,台車(1),家の中・身の回り,食器・日用品,台車(1)、台車、1、家の中・身の回り、食器・日用品、405079、一、いち、家、生活、身の回り,ドロップス/405079台車(1).png,assets/images/drop_0825.png
drop_0826,405080,台車(2),家の中・身の回り,食器・日用品,台車(2)、台車、2、家の中・身の回り、食器・日用品、405080、に、二、家、生活、身の回り,ドロップス/405080台車(2).png,assets/images/drop_0826.png
drop_0827,405081,提灯,家の中・身の回り,食器・日用品,提灯、家の中・身の回り、食器・日用品、405081、家、生活、身の回り,ドロップス/405081提灯.png,assets/images/drop_0827.png
drop_0828,405082,計量カップ(1),家の中・身の回り,食器・日用品,計量カップ(1)、計量カップ、1、家の中・身の回り、食器・日用品、405082、一、いち、家、生活、身の回り,ドロップス/405082計量カップ(1).png,assets/images/drop_0828.png
drop_0829,405083,計量カップ(2),家の中・身の回り,食器・日用品,計量カップ(2)、計量カップ、2、家の中・身の回り、食器・日用品、405083、に、二、家、生活、身の回り,ドロップス/405083計量カップ(2).png,assets/images/drop_0829.png
drop_0830,405084,粉ふるい,家の中・身の回り,食器・日用品,粉ふるい、家の中・身の回り、食器・日用品、405084、家、生活、身の回り,ドロップス/405084粉ふるい.png,assets/images/drop_0830.png
drop_0831,405085,ハンドミキサー,家の中・身の回り,食器・日用品,ハンドミキサー、家の中・身の回り、食器・日用品、405085、家、生活、身の回り,ドロップス/405085ハンドミキサー.png,assets/images/drop_0831.png
drop_0832,405086,ゴムべら,家の中・身の回り,食器・日用品,ゴムべら、家の中・身の回り、食器・日用品、405086、家、生活、身の回り,ドロップス/405086ゴムべら.png,assets/images/drop_0832.png
drop_0833,405087,めん棒(1),家の中・身の回り,食器・日用品,めん棒(1)、めん棒、1、家の中・身の回り、食器・日用品、405087、一、いち、家、生活、身の回り,ドロップス/405087めん棒(1).png,assets/images/drop_0833.png
drop_0834,405088,めん棒(2),家の中・身の回り,食器・日用品,めん棒(2)、めん棒、2、家の中・身の回り、食器・日用品、405088、に、二、家、生活、身の回り,ドロップス/405088めん棒(2).png,assets/images/drop_0834.png
drop_0835,405089,クッキーの抜型,家の中・身の回り,食器・日用品,クッキーの抜型、クッキー、抜型、家の中・身の回り、食器・日用品、405089、家、生活、身の回り,ドロップス/405089クッキーの抜型.png,assets/images/drop_0835.png
drop_0836,405090,食品用ラップ,家の中・身の回り,食器・日用品,食品用ラップ、家の中・身の回り、食器・日用品、405090、家、生活、身の回り,ドロップス/405090食品用ラップ.png,assets/images/drop_0836.png
drop_0837,405091,ボディーソープ,家の中・身の回り,食器・日用品,ボディーソープ、家の中・身の回り、食器・日用品、405091、家、生活、身の回り,ドロップス/405091ボディーソープ.png,assets/images/drop_0837.png
drop_0838,405092,カプセル薬,家の中・身の回り,食器・日用品,カプセル薬、家の中・身の回り、食器・日用品、405092、家、生活、身の回り,ドロップス/405092カプセル薬.png,assets/images/drop_0838.png
drop_0839,405093,シロップ薬,家の中・身の回り,食器・日用品,シロップ薬、家の中・身の回り、食器・日用品、405093、家、生活、身の回り,ドロップス/405093シロップ薬.png,assets/images/drop_0839.png
drop_0840,405094,粉薬,家の中・身の回り,食器・日用品,粉薬、家の中・身の回り、食器・日用品、405094、家、生活、身の回り,ドロップス/405094粉薬.png,assets/images/drop_0840.png
drop_0841,405095,目薬(1),家の中・身の回り,食器・日用品,目薬(1)、目薬、1、家の中・身の回り、食器・日用品、405095、めぐすり、一、いち、家、生活、身の回り,ドロップス/405095目薬(1).png,assets/images/drop_0841.png
drop_0842,405096,目薬(2),家の中・身の回り,食器・日用品,目薬(2)、目薬、2、家の中・身の回り、食器・日用品、405096、めぐすり、に、二、家、生活、身の回り,ドロップス/405096目薬(2).png,assets/images/drop_0842.png
drop_0843,405097,生理用ナプキン(1),家の中・身の回り,食器・日用品,生理用ナプキン(1)、生理用ナプキン、1、家の中・身の回り、食器・日用品、405097、生理用品、ナプキン、一、いち、家、生活、身の回り,ドロップス/405097生理用ナプキン(1).png,assets/images/drop_0843.png
drop_0844,405098,生理用ナプキン(2),家の中・身の回り,食器・日用品,生理用ナプキン(2)、生理用ナプキン、2、家の中・身の回り、食器・日用品、405098、生理用品、ナプキン、に、二、家、生活、身の回り,ドロップス/405098生理用ナプキン(2).png,assets/images/drop_0844.png
drop_0845,405099,はたき,家の中・身の回り,食器・日用品,はたき、家の中・身の回り、食器・日用品、405099、家、生活、身の回り,ドロップス/405099はたき.png,assets/images/drop_0845.png
drop_0846,405100,ボタン,家の中・身の回り,食器・日用品,ボタン、家の中・身の回り、食器・日用品、405100、家、生活、身の回り,ドロップス/405100ボタン.png,assets/images/drop_0846.png
drop_0847,405101,フライ返し,家の中・身の回り,食器・日用品,フライ返し、家の中・身の回り、食器・日用品、405101、家、生活、身の回り,ドロップス/405101フライ返し.png,assets/images/drop_0847.png
drop_0848,405104,スプレーボトル,家の中・身の回り,食器・日用品,スプレーボトル、家の中・身の回り、食器・日用品、405104、家、生活、身の回り,ドロップス/405104スプレーボトル.png,assets/images/drop_0848.png
drop_0849,500000,1家の外(枠線あり),家の外,家の外,1家の外(枠線あり)、1家の外、家の外、枠線あり、1家、外、500000、いち、線あり、１、ふちあり、一、町、まち,ドロップス/500000_1家の外(枠線あり).gif,assets/images/drop_0849.gif
drop_0850,500000,2家の外(枠線なし),家の外,家の外,2家の外(枠線なし)、家の外、2家の外、枠線なし、2家、外、500000、に、線なし、ふちなし、二、２、町、まち,ドロップス/500000_2家の外(枠線なし).gif,assets/images/drop_0850.gif
drop_0851,501001,自転車,家の外,乗り物,自転車、家の外、乗り物、501001、じてんしゃ、チャリ、移動、のりもの、外、町、まち,ドロップス/501001自転車.gif,assets/images/drop_0851.gif
drop_0852,501002,バイク,家の外,乗り物,バイク、家の外、乗り物、501002、単車、移動、のりもの、外、町、まち,ドロップス/501002バイク.gif,assets/images/drop_0852.gif
drop_0853,501003,車,家の外,乗り物,車、家の外、乗り物、501003、くるま、自動車、自家用車、マイカー、移動、のりもの、外、町、まち,ドロップス/501003車.gif,assets/images/drop_0853.gif
drop_0854,501004,バス,家の外,乗り物,バス、家の外、乗り物、501004、移動、のりもの、外、町、まち,ドロップス/501004バス.gif,assets/images/drop_0854.gif
drop_0855,501005,電車,家の外,乗り物,電車、家の外、乗り物、501005、でんしゃ、移動、のりもの、外、町、まち,ドロップス/501005電車.gif,assets/images/drop_0855.gif
drop_0856,501006,地下鉄,家の外,乗り物,地下鉄、家の外、乗り物、501006、ちかてつ、移動、のりもの、外、町、まち,ドロップス/501006地下鉄.gif,assets/images/drop_0856.gif
drop_0857,501007,新幹線,家の外,乗り物,新幹線、家の外、乗り物、501007、しんかんせん、移動、のりもの、外、町、まち,ドロップス/501007新幹線.gif,assets/images/drop_0857.gif
drop_0858,501008,飛行機,家の外,乗り物,飛行機、家の外、乗り物、501008、ひこうき、移動、のりもの、外、町、まち,ドロップス/501008飛行機.gif,assets/images/drop_0858.gif
drop_0859,501009,船,家の外,乗り物,船、家の外、乗り物、501009、ふね、移動、のりもの、外、町、まち,ドロップス/501009船.gif,assets/images/drop_0859.gif
drop_0860,501010,救急車,家の外,乗り物,救急車、家の外、乗り物、501010、きゅうきゅうしゃ、移動、のりもの、外、町、まち,ドロップス/501010救急車.gif,assets/images/drop_0860.gif
drop_0861,501011,消防車,家の外,乗り物,消防車、家の外、乗り物、501011、しょうぼうしゃ、移動、のりもの、外、町、まち,ドロップス/501011消防車.gif,assets/images/drop_0861.gif
drop_0862,501012,車椅子,家の外,乗り物,車椅子、家の外、乗り物、501012、くるまいす、車いす、wheelchair、移動、のりもの、外、町、まち,ドロップス/501012車椅子.gif,assets/images/drop_0862.gif
drop_0863,501013,福祉車両,家の外,乗り物,福祉車両、家の外、乗り物、501013、リフト車、送迎車、移動、のりもの、外、町、まち,ドロップス/501013福祉車両.gif,assets/images/drop_0863.gif
drop_0864,501014,信号機,家の外,乗り物,信号機、家の外、乗り物、501014、しんごう、信号、移動、のりもの、外、町、まち,ドロップス/501014信号機.gif,assets/images/drop_0864.gif
drop_0865,501015,バス停,家の外,乗り物,バス停、家の外、乗り物、501015、停留所、移動、のりもの、外、町、まち,ドロップス/501015バス停.gif,assets/images/drop_0865.gif
drop_0866,501016,横断歩道,家の外,乗り物,横断歩道、家の外、乗り物、501016、おうだんほどう、移動、のりもの、外、町、まち,ドロップス/501016横断歩道.gif,assets/images/drop_0866.gif
drop_0867,501017,交差点,家の外,乗り物,交差点、家の外、乗り物、501017、移動、のりもの、外、町、まち,ドロップス/501017交差点.gif,assets/images/drop_0867.gif
drop_0868,501018,駅,家の外,乗り物,駅、家の外、乗り物、501018、えき、移動、のりもの、外、町、まち,ドロップス/501018駅.gif,assets/images/drop_0868.gif
drop_0869,501019,事故,家の外,乗り物,事故、家の外、乗り物、501019、じこ、移動、のりもの、外、町、まち,ドロップス/501019事故.gif,assets/images/drop_0869.gif
drop_0870,501021,スクールバス,家の外,乗り物,スクールバス、家の外、乗り物、501021、送迎バス、移動、のりもの、外、町、まち,ドロップス/501021スクールバス.gif,assets/images/drop_0870.gif
drop_0871,501022,観光バス,家の外,乗り物,観光バス、家の外、乗り物、501022、移動、のりもの、外、町、まち,ドロップス/501022観光バス.gif,assets/images/drop_0871.gif
drop_0872,501023,トラック,家の外,乗り物,トラック、家の外、乗り物、501023、移動、のりもの、外、町、まち,ドロップス/501023トラック.gif,assets/images/drop_0872.gif
drop_0873,501024,タクシー,家の外,乗り物,タクシー、家の外、乗り物、501024、移動、のりもの、外、町、まち,ドロップス/501024タクシー.gif,assets/images/drop_0873.gif
drop_0874,501025,パトカー,家の外,乗り物,パトカー、家の外、乗り物、501025、移動、のりもの、外、町、まち,ドロップス/501025パトカー.gif,assets/images/drop_0874.gif
drop_0875,501028,プラットホーム,家の外,乗り物,プラットホーム、家の外、乗り物、501028、移動、のりもの、外、町、まち,ドロップス/501028プラットホーム.gif,assets/images/drop_0875.gif
drop_0876,501029,サイクリング自転車,家の外,乗り物,サイクリング自転車、家の外、乗り物、501029、移動、のりもの、外、町、まち,ドロップス/501029サイクリング自転車.png,assets/images/drop_0876.png
drop_0877,501030,三輪車,家の外,乗り物,三輪車、家の外、乗り物、501030、移動、のりもの、外、町、まち,ドロップス/501030三輪車.png,assets/images/drop_0877.png
drop_0878,501031,気球,家の外,乗り物,気球、家の外、乗り物、501031、移動、のりもの、外、町、まち,ドロップス/501031気球.png,assets/images/drop_0878.png
drop_0879,501032,歩行者用信号機,家の外,乗り物,歩行者用信号機、家の外、乗り物、501032、歩行者信号、人用信号、移動、のりもの、外、町、まち,ドロップス/501032歩行者用信号機.png,assets/images/drop_0879.png
drop_0880,501033,歩行者用信号機(赤),家の外,乗り物,歩行者用信号機(赤)、歩行者用信号機、赤、家の外、乗り物、501033、歩行者信号、人用信号、移動、のりもの、外、町、まち,ドロップス/501033歩行者用信号機(赤).png,assets/images/drop_0880.png
drop_0881,501034,歩行者用信号機(青),家の外,乗り物,歩行者用信号機(青)、歩行者用信号機、青、家の外、乗り物、501034、歩行者信号、人用信号、移動、のりもの、外、町、まち,ドロップス/501034歩行者用信号機(青).png,assets/images/drop_0881.png
drop_0882,501035,改札,家の外,乗り物,改札、家の外、乗り物、501035、移動、のりもの、外、町、まち,ドロップス/501035改札.png,assets/images/drop_0882.png
drop_0883,501036,自動改札,家の外,乗り物,自動改札、家の外、乗り物、501036、移動、のりもの、外、町、まち,ドロップス/501036自動改札.png,assets/images/drop_0883.png
drop_0884,502001,店,家の外,施設・店,店、家の外、施設・店、502001、ショップ、みせ、施設、建物、しせつ、外、町、まち,ドロップス/502001店.gif,assets/images/drop_0884.gif
drop_0885,502002,レストラン,家の外,施設・店,レストラン、家の外、施設・店、502002、飲食店、施設、建物、しせつ、外、町、まち,ドロップス/502002レストラン.gif,assets/images/drop_0885.gif
drop_0886,502003,喫茶店,家の外,施設・店,喫茶店、家の外、施設・店、502003、カフェ、施設、建物、しせつ、外、町、まち,ドロップス/502003喫茶店.gif,assets/images/drop_0886.gif
drop_0887,502004,郵便局,家の外,施設・店,郵便局、家の外、施設・店、502004、ゆうびんきょく、施設、建物、しせつ、外、町、まち,ドロップス/502004郵便局.gif,assets/images/drop_0887.gif
drop_0888,502005,銀行,家の外,施設・店,銀行、家の外、施設・店、502005、ぎんこう、施設、建物、しせつ、外、町、まち,ドロップス/502005銀行.gif,assets/images/drop_0888.gif
drop_0889,502006,薬局,家の外,施設・店,薬局、家の外、施設・店、502006、ドラッグストア、やっきょく、施設、建物、しせつ、外、町、まち,ドロップス/502006薬局.gif,assets/images/drop_0889.gif
drop_0890,502007,床屋,家の外,施設・店,床屋、家の外、施設・店、502007、とこや、理容室、施設、建物、しせつ、外、町、まち,ドロップス/502007床屋.gif,assets/images/drop_0890.gif
drop_0891,502008,映画館,家の外,施設・店,映画館、家の外、施設・店、502008、えいがかん、施設、建物、しせつ、外、町、まち,ドロップス/502008映画館.gif,assets/images/drop_0891.gif
drop_0892,502009,託児所,家の外,施設・店,託児所、家の外、施設・店、502009、保育所、施設、建物、しせつ、外、町、まち,ドロップス/502009託児所.gif,assets/images/drop_0892.gif
drop_0893,502010,スーパー,家の外,施設・店,スーパー、家の外、施設・店、502010、施設、建物、しせつ、外、町、まち,ドロップス/502010スーパー.gif,assets/images/drop_0893.gif
drop_0894,502011,ガソリンスタンド,家の外,施設・店,ガソリンスタンド、家の外、施設・店、502011、GS、施設、建物、しせつ、外、町、まち,ドロップス/502011ガソリンスタンド.gif,assets/images/drop_0894.gif
drop_0895,502012,学校,家の外,施設・店,学校、家の外、施設・店、502012、スクール、がっこう、学び舎、通学、施設、建物、しせつ、外、町、まち,ドロップス/502012学校.gif,assets/images/drop_0895.gif
drop_0896,502013,中・高校,家の外,施設・店,中・高校、中、高校、家の外、施設・店、502013、高校生、こうこうせい、中学校、中高、施設、建物、しせつ、外、町、まち,ドロップス/502013中・高校.gif,assets/images/drop_0896.gif
drop_0897,502014,病院,家の外,施設・店,病院、家の外、施設・店、502014、クリニック、びょういん、施設、建物、しせつ、外、町、まち,ドロップス/502014病院.gif,assets/images/drop_0897.gif
drop_0898,502015,役所・市役所,家の外,施設・店,役所・市役所、役所、市役所、家の外、施設・店、502015、やくしょ、行政、施設、建物、しせつ、外、町、まち,ドロップス/502015役所・市役所.gif,assets/images/drop_0898.gif
drop_0899,502016,コンビニ,家の外,施設・店,コンビニ、家の外、施設・店、502016、施設、建物、しせつ、外、町、まち,ドロップス/502016コンビニ.gif,assets/images/drop_0899.gif
drop_0900,502017,公衆電話,家の外,施設・店,公衆電話、家の外、施設・店、502017、施設、建物、しせつ、外、町、まち,ドロップス/502017公衆電話.gif,assets/images/drop_0900.gif
drop_0901,502018,公園,家の外,施設・店,公園、家の外、施設・店、502018、こうえん、施設、建物、しせつ、外、町、まち,ドロップス/502018公園.gif,assets/images/drop_0901.gif
drop_0902,502019,駐車場,家の外,施設・店,駐車場、家の外、施設・店、502019、施設、建物、しせつ、外、町、まち,ドロップス/502019駐車場.gif,assets/images/drop_0902.gif
drop_0903,502020,遊園地,家の外,施設・店,遊園地、家の外、施設・店、502020、施設、建物、しせつ、外、町、まち,ドロップス/502020遊園地.gif,assets/images/drop_0903.gif
drop_0904,502021,デパート,家の外,施設・店,デパート、家の外、施設・店、502021、施設、建物、しせつ、外、町、まち,ドロップス/502021デパート.gif,assets/images/drop_0904.gif
drop_0905,502022,動物園,家の外,施設・店,動物園、家の外、施設・店、502022、施設、建物、しせつ、外、町、まち,ドロップス/502022動物園.gif,assets/images/drop_0905.gif
drop_0906,502023,エレベーター,家の外,施設・店,エレベーター、家の外、施設・店、502023、施設、建物、しせつ、外、町、まち,ドロップス/502023エレベーター.gif,assets/images/drop_0906.gif
drop_0907,502024,道路・街路,家の外,施設・店,道路・街路、道路、街路、家の外、施設・店、502024、施設、建物、しせつ、外、町、まち,ドロップス/502024道路・街路.gif,assets/images/drop_0907.gif
drop_0908,502025,幼稚園・保育園,家の外,施設・店,幼稚園・保育園、幼稚園、保育園、家の外、施設・店、502025、施設、建物、しせつ、外、町、まち,ドロップス/502025幼稚園・保育園.gif,assets/images/drop_0908.gif
drop_0909,502026,小学校,家の外,施設・店,小学校、家の外、施設・店、502026、施設、建物、しせつ、外、町、まち,ドロップス/502026小学校.gif,assets/images/drop_0909.gif
drop_0910,502027,大学,家の外,施設・店,大学、家の外、施設・店、502027、施設、建物、しせつ、外、町、まち,ドロップス/502027大学.gif,assets/images/drop_0910.gif
drop_0911,502028,特別支援学校,家の外,施設・店,特別支援学校、家の外、施設・店、502028、施設、建物、しせつ、外、町、まち,ドロップス/502028特別支援学校.gif,assets/images/drop_0911.gif
drop_0912,502029,寺,家の外,施設・店,寺、家の外、施設・店、502029、施設、建物、しせつ、外、町、まち,ドロップス/502029寺.gif,assets/images/drop_0912.gif
drop_0913,502030,神社,家の外,施設・店,神社、家の外、施設・店、502030、施設、建物、しせつ、外、町、まち,ドロップス/502030神社.gif,assets/images/drop_0913.gif
drop_0914,502031,教会,家の外,施設・店,教会、家の外、施設・店、502031、施設、建物、しせつ、外、町、まち,ドロップス/502031教会.png,assets/images/drop_0914.png
drop_0915,502032,ブランコ,家の外,施設・店,ブランコ、家の外、施設・店、502032、施設、建物、しせつ、外、町、まち,ドロップス/502032ブランコ.gif,assets/images/drop_0915.gif
drop_0916,502033,滑り台,家の外,施設・店,滑り台、家の外、施設・店、502033、施設、建物、しせつ、外、町、まち,ドロップス/502033滑り台.gif,assets/images/drop_0916.gif
drop_0917,502034,シーソー,家の外,施設・店,シーソー、家の外、施設・店、502034、施設、建物、しせつ、外、町、まち,ドロップス/502034シーソー.gif,assets/images/drop_0917.gif
drop_0918,502035,鉄棒,家の外,施設・店,鉄棒、家の外、施設・店、502035、施設、建物、しせつ、外、町、まち,ドロップス/502035鉄棒.gif,assets/images/drop_0918.gif
drop_0919,502036,ベンチ,家の外,施設・店,ベンチ、家の外、施設・店、502036、施設、建物、しせつ、外、町、まち,ドロップス/502036ベンチ.gif,assets/images/drop_0919.gif
drop_0920,502037,砂場,家の外,施設・店,砂場、家の外、施設・店、502037、施設、建物、しせつ、外、町、まち,ドロップス/502037砂場.gif,assets/images/drop_0920.gif
drop_0921,502038,温泉,家の外,施設・店,温泉、家の外、施設・店、502038、施設、建物、しせつ、外、町、まち,ドロップス/502038温泉.gif,assets/images/drop_0921.gif
drop_0922,502039,風呂(男子),家の外,施設・店,風呂(男子)、風呂、男子、家の外、施設・店、502039、入浴、おふろ、男、おとこ、男性、だんし、メンズ、だんせい、しせつ、施設、建物、外、町、まち,ドロップス/502039風呂(男子).gif,assets/images/drop_0922.gif
drop_0923,502040,風呂(女子),家の外,施設・店,風呂(女子)、風呂、女子、家の外、施設・店、502040、おんな、おふろ、入浴、女性、女、レディース、じょせい、じょし、しせつ、施設、建物、外、町、まち,ドロップス/502040風呂(女子).gif,assets/images/drop_0923.gif
drop_0924,502041,スロープ,家の外,施設・店,スロープ、家の外、施設・店、502041、施設、建物、しせつ、外、町、まち,ドロップス/502041スロープ.gif,assets/images/drop_0924.gif
drop_0925,502043,レジ(会計),家の外,施設・店,レジ(会計)、レジ、会計、家の外、施設・店、502043、施設、建物、しせつ、外、町、まち,ドロップス/502043レジ(会計).gif,assets/images/drop_0925.gif
drop_0926,502047,水族館,家の外,施設・店,水族館、家の外、施設・店、502047、施設、建物、しせつ、外、町、まち,ドロップス/502047水族館.png,assets/images/drop_0926.png
drop_0927,502048,鳥居,家の外,施設・店,鳥居、家の外、施設・店、502048、施設、建物、しせつ、外、町、まち,ドロップス/502048鳥居.png,assets/images/drop_0927.png
drop_0928,502049,大型滑り台,家の外,施設・店,大型滑り台、家の外、施設・店、502049、施設、建物、しせつ、外、町、まち,ドロップス/502049大型滑り台.png,assets/images/drop_0928.png
drop_0929,502050,足湯,家の外,施設・店,足湯、家の外、施設・店、502050、施設、建物、しせつ、外、町、まち,ドロップス/502050足湯.png,assets/images/drop_0929.png
drop_0930,502051,本屋,家の外,施設・店,本屋、家の外、施設・店、502051、施設、建物、しせつ、外、町、まち,ドロップス/502051本屋.png,assets/images/drop_0930.png
drop_0931,502052,タイムケア,家の外,施設・店,タイムケア、家の外、施設・店、502052、施設、建物、しせつ、外、町、まち,ドロップス/502052タイムケア.png,assets/images/drop_0931.png
drop_0932,502053,吉野ヶ里遺跡,家の外,施設・店,吉野ヶ里遺跡、家の外、施設・店、502053、施設、建物、しせつ、外、町、まち,ドロップス/502053吉野ヶ里遺跡.png,assets/images/drop_0932.png
drop_0933,502054,トイレのマーク,家の外,施設・店,トイレのマーク、トイレ、マーク、家の外、施設・店、502054、お手洗い、WC、便所、施設、建物、しせつ、外、町、まち,ドロップス/502054トイレのマーク.png,assets/images/drop_0933.png
drop_0934,502055,温泉(屋内),家の外,施設・店,温泉(屋内)、温泉、屋内、家の外、施設・店、502055、施設、建物、しせつ、外、町、まち,ドロップス/502055温泉(屋内).png,assets/images/drop_0934.png
drop_0935,502056,墓,家の外,施設・店,墓、家の外、施設・店、502056、施設、建物、しせつ、外、町、まち,ドロップス/502056墓.png,assets/images/drop_0935.png
drop_0936,502057,東京スカイツリー,家の外,施設・店,東京スカイツリー、家の外、施設・店、502057、施設、建物、しせつ、外、町、まち,ドロップス/502057東京スカイツリー.png,assets/images/drop_0936.png
drop_0937,502058,善光寺,家の外,施設・店,善光寺、家の外、施設・店、502058、施設、建物、しせつ、外、町、まち,ドロップス/502058善光寺.png,assets/images/drop_0937.png
drop_0938,502059,名古屋城,家の外,施設・店,名古屋城、家の外、施設・店、502059、施設、建物、しせつ、外、町、まち,ドロップス/502059名古屋城.png,assets/images/drop_0938.png
drop_0939,502060,東京タワー,家の外,施設・店,東京タワー、家の外、施設・店、502060、施設、建物、しせつ、外、町、まち,ドロップス/502060東京タワー.png,assets/images/drop_0939.png
drop_0940,502061,国会議事堂,家の外,施設・店,国会議事堂、家の外、施設・店、502061、施設、建物、しせつ、外、町、まち,ドロップス/502061国会議事堂.png,assets/images/drop_0940.png
drop_0941,502062,浅草雷門,家の外,施設・店,浅草雷門、家の外、施設・店、502062、施設、建物、しせつ、外、町、まち,ドロップス/502062浅草雷門.png,assets/images/drop_0941.png
drop_0942,502063,合掌造りの家,家の外,施設・店,合掌造りの家、合掌造り、家、家の外、施設・店、502063、うち、いえ、自宅、施設、建物、しせつ、外、町、まち,ドロップス/502063合掌造りの家.png,assets/images/drop_0942.png
drop_0943,502064,夫婦岩,家の外,施設・店,夫婦岩、家の外、施設・店、502064、施設、建物、しせつ、外、町、まち,ドロップス/502064夫婦岩.png,assets/images/drop_0943.png
drop_0944,503001,海,家の外,自然,海、家の外、自然、503001、うみ、外、町、まち,ドロップス/503001海.gif,assets/images/drop_0944.gif
drop_0945,503002,山,家の外,自然,山、家の外、自然、503002、やま、外、町、まち,ドロップス/503002山.gif,assets/images/drop_0945.gif
drop_0946,503003,川,家の外,自然,川、家の外、自然、503003、かわ、外、町、まち,ドロップス/503003川.gif,assets/images/drop_0946.gif
drop_0947,503004,坂,家の外,自然,坂、家の外、自然、503004、外、町、まち,ドロップス/503004坂.gif,assets/images/drop_0947.gif
drop_0948,503005,木,家の外,自然,木、家の外、自然、503005、き、外、町、まち,ドロップス/503005木.gif,assets/images/drop_0948.gif
drop_0949,503006,花,家の外,自然,花、家の外、自然、503006、はな、外、町、まち,ドロップス/503006花.gif,assets/images/drop_0949.gif
drop_0950,503007,火,家の外,自然,火、家の外、自然、503007、外、町、まち,ドロップス/503007火.gif,assets/images/drop_0950.gif
drop_0951,503018,朝顔,家の外,自然,朝顔、家の外、自然、503018、外、町、まち,ドロップス/503018朝顔.png,assets/images/drop_0951.png
drop_0952,503019,もみじ,家の外,自然,もみじ、家の外、自然、503019、外、町、まち,ドロップス/503019もみじ.png,assets/images/drop_0952.png
drop_0953,503020,四葉のクローバー,家の外,自然,四葉のクローバー、四葉、クローバー、家の外、自然、503020、外、町、まち,ドロップス/503020四葉のクローバー.png,assets/images/drop_0953.png
drop_0954,503021,森,家の外,自然,森、家の外、自然、503021、もり、外、町、まち,ドロップス/503021森.png,assets/images/drop_0954.png
drop_0955,503022,田んぼ,家の外,自然,田んぼ、家の外、自然、503022、たんぼ、外、町、まち,ドロップス/503022田んぼ.png,assets/images/drop_0955.png
drop_0956,503023,空,家の外,自然,空、家の外、自然、503023、そら、外、町、まち,ドロップス/503023空.png,assets/images/drop_0956.png
drop_0957,503024,松,家の外,自然,松、家の外、自然、503024、外、町、まち,ドロップス/503024松.png,assets/images/drop_0957.png
drop_0958,503025,竹,家の外,自然,竹、家の外、自然、503025、外、町、まち,ドロップス/503025竹.png,assets/images/drop_0958.png
drop_0959,503026,梅,家の外,自然,梅、家の外、自然、503026、外、町、まち,ドロップス/503026梅.png,assets/images/drop_0959.png
drop_0960,504001,晴れ・太陽,家の外,天気・季節,晴れ・太陽、晴れ、太陽、家の外、天気・季節、504001、はれ、たいよう、てんき、季節、天気、外、町、まち,ドロップス/504001晴れ・太陽.gif,assets/images/drop_0960.gif
drop_0961,504002,雨,家の外,天気・季節,雨、家の外、天気・季節、504002、あめ、てんき、季節、天気、外、町、まち,ドロップス/504002雨.gif,assets/images/drop_0961.gif
drop_0962,504003,台風,家の外,天気・季節,台風、家の外、天気・季節、504003、たいふう、てんき、季節、天気、外、町、まち,ドロップス/504003台風.gif,assets/images/drop_0962.gif
drop_0963,504004,雪,家の外,天気・季節,雪、家の外、天気・季節、504004、ゆき、てんき、季節、天気、外、町、まち,ドロップス/504004雪.gif,assets/images/drop_0963.gif
drop_0964,504005,春,家の外,天気・季節,春、家の外、天気・季節、504005、はる、てんき、季節、天気、外、町、まち,ドロップス/504005春.gif,assets/images/drop_0964.gif
drop_0965,504006,夏,家の外,天気・季節,夏、家の外、天気・季節、504006、なつ、てんき、季節、天気、外、町、まち,ドロップス/504006夏.gif,assets/images/drop_0965.gif
drop_0966,504007,秋,家の外,天気・季節,秋、家の外、天気・季節、504007、あき、てんき、季節、天気、外、町、まち,ドロップス/504007秋.gif,assets/images/drop_0966.gif
drop_0967,504008,冬,家の外,天気・季節,冬、家の外、天気・季節、504008、ふゆ、てんき、季節、天気、外、町、まち,ドロップス/504008冬.gif,assets/images/drop_0967.gif
drop_0968,504009,地球,家の外,天気・季節,地球、家の外、天気・季節、504009、ちきゅう、てんき、季節、天気、外、町、まち,ドロップス/504009地球.gif,assets/images/drop_0968.gif
drop_0969,504010,季節(四季),家の外,天気・季節,季節(四季)、季節、四季、家の外、天気・季節、504010、きせつ、てんき、天気、外、町、まち,ドロップス/504010季節(四季).gif,assets/images/drop_0969.gif
drop_0970,504015,出身地・国,家の外,天気・季節,出身地・国、出身地、国、家の外、天気・季節、504015、てんき、季節、天気、外、町、まち,ドロップス/504015出身地・国.png,assets/images/drop_0970.png
drop_0971,504016,月(1),家の外,天気・季節,月(1)、月、1、家の外、天気・季節、504016、ムーン、つき、いち、天気、てんき、一、季節、外、町、まち,ドロップス/504016月(1).png,assets/images/drop_0971.png
drop_0972,504017,月(2),家の外,天気・季節,月(2)、月、2、家の外、天気・季節、504017、ムーン、つき、に、二、天気、てんき、季節、外、町、まち,ドロップス/504017月(2).png,assets/images/drop_0972.png
drop_0973,504019,星(1),家の外,天気・季節,星(1)、星、1、家の外、天気・季節、504019、ほし、いち、天気、てんき、一、季節、外、町、まち,ドロップス/504019星(1).png,assets/images/drop_0973.png
drop_0974,504020,星(2),家の外,天気・季節,星(2)、星、2、家の外、天気・季節、504020、ほし、に、二、天気、てんき、季節、外、町、まち,ドロップス/504020星(2).png,assets/images/drop_0974.png
drop_0975,504021,雲(2),家の外,天気・季節,雲(2)、雲、2、家の外、天気・季節、504021、くも、に、二、天気、てんき、季節、外、町、まち,ドロップス/504021雲(2).png,assets/images/drop_0975.png
drop_0976,504022,霧,家の外,天気・季節,霧、家の外、天気・季節、504022、きり、てんき、季節、天気、外、町、まち,ドロップス/504022霧.png,assets/images/drop_0976.png
drop_0977,504023,虹,家の外,天気・季節,虹、家の外、天気・季節、504023、にじ、てんき、季節、天気、外、町、まち,ドロップス/504023虹.png,assets/images/drop_0977.png
drop_0978,600000,1文化・社会(枠線あり),文化・社会,文化・社会,1文化・社会(枠線あり)、文化・社会、1文化・社会、枠線あり、1文化、社会、600000、いち、線あり、１、ふちあり、一、学校、文化,ドロップス/600000_1文化・社会(枠線あり).gif,assets/images/drop_0978.gif
drop_0979,600000,2文化・社会(枠線なし),文化・社会,文化・社会,2文化・社会(枠線なし)、文化・社会、2文化・社会、枠線なし、2文化、社会、600000、に、線なし、ふちなし、二、２、学校、文化,ドロップス/600000_2文化・社会(枠線なし).gif,assets/images/drop_0979.gif
drop_0980,601001,昨日,文化・社会,時間・日にち,昨日、文化・社会、時間・日にち、601001、きのう、日にち、日付、時間、学校、社会、文化,ドロップス/601001昨日.gif,assets/images/drop_0980.gif
drop_0981,601002,今日,文化・社会,時間・日にち,今日、文化・社会、時間・日にち、601002、きょう、日にち、日付、時間、学校、社会、文化,ドロップス/601002今日.gif,assets/images/drop_0981.gif
drop_0982,601003,明日,文化・社会,時間・日にち,明日、文化・社会、時間・日にち、601003、あした、あす、日にち、日付、時間、学校、社会、文化,ドロップス/601003明日.gif,assets/images/drop_0982.gif
drop_0983,601004,日曜日(休日),文化・社会,時間・日にち,日曜日(休日)、日曜日、休日、文化・社会、時間・日にち、601004、にちようび、日にち、日付、時間、学校、社会、文化,ドロップス/601004日曜日(休日).gif,assets/images/drop_0983.gif
drop_0984,601005,前,文化・社会,時間・日にち,前、文化・社会、時間・日にち、601005、まえ、時間、日付、日にち、学校、社会、文化,ドロップス/601005前.gif,assets/images/drop_0984.gif
drop_0985,601006,後,文化・社会,時間・日にち,後、文化・社会、時間・日にち、601006、あと、うしろ、後ろ、時間、日付、日にち、学校、社会、文化,ドロップス/601006後.gif,assets/images/drop_0985.gif
drop_0986,601007,朝,文化・社会,時間・日にち,朝、文化・社会、時間・日にち、601007、あさ、日にち、日付、時間、学校、社会、文化,ドロップス/601007朝.gif,assets/images/drop_0986.gif
drop_0987,601008,昼,文化・社会,時間・日にち,昼、文化・社会、時間・日にち、601008、ひる、日にち、日付、時間、学校、社会、文化,ドロップス/601008昼.gif,assets/images/drop_0987.gif
drop_0988,601009,夕,文化・社会,時間・日にち,夕、文化・社会、時間・日にち、601009、ゆうがた、日にち、日付、時間、学校、社会、文化,ドロップス/601009夕.gif,assets/images/drop_0988.gif
drop_0989,601010,日曜日,文化・社会,時間・日にち,日曜日、文化・社会、時間・日にち、601010、にちようび、日にち、日付、時間、学校、社会、文化,ドロップス/601010日曜日.gif,assets/images/drop_0989.gif
drop_0990,601011,月曜日,文化・社会,時間・日にち,月曜日、文化・社会、時間・日にち、601011、げつようび、日にち、日付、時間、学校、社会、文化,ドロップス/601011月曜日.gif,assets/images/drop_0990.gif
drop_0991,601012,火曜日,文化・社会,時間・日にち,火曜日、文化・社会、時間・日にち、601012、かようび、日にち、日付、時間、学校、社会、文化,ドロップス/601012火曜日.gif,assets/images/drop_0991.gif
drop_0992,601013,水曜日,文化・社会,時間・日にち,水曜日、文化・社会、時間・日にち、601013、すいようび、日にち、日付、時間、学校、社会、文化,ドロップス/601013水曜日.gif,assets/images/drop_0992.gif
drop_0993,601014,木曜日,文化・社会,時間・日にち,木曜日、文化・社会、時間・日にち、601014、もくようび、日にち、日付、時間、学校、社会、文化,ドロップス/601014木曜日.gif,assets/images/drop_0993.gif
drop_0994,601015,金曜日,文化・社会,時間・日にち,金曜日、文化・社会、時間・日にち、601015、きんようび、日にち、日付、時間、学校、社会、文化,ドロップス/601015金曜日.gif,assets/images/drop_0994.gif
drop_0995,601016,土曜日,文化・社会,時間・日にち,土曜日、文化・社会、時間・日にち、601016、どようび、日にち、日付、時間、学校、社会、文化,ドロップス/601016土曜日.gif,assets/images/drop_0995.gif
drop_0996,601032,正月,文化・社会,時間・日にち,正月、文化・社会、時間・日にち、601032、日にち、日付、時間、学校、社会、文化,ドロップス/601032正月.gif,assets/images/drop_0996.gif
drop_0997,601033,どんど焼き,文化・社会,時間・日にち,どんど焼き、文化・社会、時間・日にち、601033、日にち、日付、時間、学校、社会、文化,ドロップス/601033どんど焼き.png,assets/images/drop_0997.png
drop_0998,601034,節分,文化・社会,時間・日にち,節分、文化・社会、時間・日にち、601034、日にち、日付、時間、学校、社会、文化,ドロップス/601034節分.gif,assets/images/drop_0998.gif
drop_0999,601035,豆まき,文化・社会,時間・日にち,豆まき、文化・社会、時間・日にち、601035、日にち、日付、時間、学校、社会、文化,ドロップス/601035豆まき.png,assets/images/drop_0999.png
drop_1000,601036,バレンタインデー,文化・社会,時間・日にち,バレンタインデー、文化・社会、時間・日にち、601036、日にち、日付、時間、学校、社会、文化,ドロップス/601036バレンタインデー.png,assets/images/drop_1000.png
drop_1001,601041,クリスマス,文化・社会,時間・日にち,クリスマス、文化・社会、時間・日にち、601041、日にち、日付、時間、学校、社会、文化,ドロップス/601041クリスマス.gif,assets/images/drop_1001.gif
drop_1002,601044,墓参り,文化・社会,時間・日にち,墓参り、文化・社会、時間・日にち、601044、日にち、日付、時間、学校、社会、文化,ドロップス/601044墓参り.png,assets/images/drop_1002.png
drop_1003,602001,教室,文化・社会,学校・行事,教室、文化・社会、学校・行事、602001、きょうしつ、クラス、ホームルーム、学校、がっこう、社会、文化,ドロップス/602001教室.gif,assets/images/drop_1003.gif
drop_1004,602002,図書館,文化・社会,学校・行事,図書館、文化・社会、学校・行事、602002、としょかん、本を借りる、図書室、学校、がっこう、社会、文化,ドロップス/602002図書館.gif,assets/images/drop_1004.gif
drop_1005,602003,体育館,文化・社会,学校・行事,体育館、文化・社会、学校・行事、602003、たいいくかん、学校、がっこう、社会、文化,ドロップス/602003体育館.gif,assets/images/drop_1005.gif
drop_1006,602004,保健室,文化・社会,学校・行事,保健室、文化・社会、学校・行事、602004、ほけんしつ、養護教諭、けが、体調不良、学校、がっこう、社会、文化,ドロップス/602004保健室.gif,assets/images/drop_1006.gif
drop_1007,602005,校長室(男性)(髭あり),文化・社会,学校・行事,校長室(男性)(髭あり)、校長室、男性、髭あり、文化・社会、学校・行事、602005、男、おとこ、男子、だんし、メンズ、だんせい、学校、がっこう、社会、文化,ドロップス/602005校長室(男性)(髭あり).gif,assets/images/drop_1007.gif
drop_1008,602007,校長室(女性),文化・社会,学校・行事,校長室(女性)、校長室、女性、文化・社会、学校・行事、602007、おんな、女、レディース、じょせい、じょし、女子、学校、がっこう、社会、文化,ドロップス/602007校長室(女性).gif,assets/images/drop_1008.gif
drop_1009,602008,職員室,文化・社会,学校・行事,職員室、文化・社会、学校・行事、602008、しょくいんしつ、学校、がっこう、社会、文化,ドロップス/602008職員室.gif,assets/images/drop_1009.gif
drop_1010,602009,事務室,文化・社会,学校・行事,事務室、文化・社会、学校・行事、602009、学校、がっこう、社会、文化,ドロップス/602009事務室.gif,assets/images/drop_1010.gif
drop_1011,602010,寄宿舎,文化・社会,学校・行事,寄宿舎、文化・社会、学校・行事、602010、学校、がっこう、社会、文化,ドロップス/602010寄宿舎.gif,assets/images/drop_1011.gif
drop_1012,602011,会議室,文化・社会,学校・行事,会議室、文化・社会、学校・行事、602011、かいぎしつ、学校、がっこう、社会、文化,ドロップス/602011会議室.gif,assets/images/drop_1012.gif
drop_1013,602012,印刷室,文化・社会,学校・行事,印刷室、文化・社会、学校・行事、602012、学校、がっこう、社会、文化,ドロップス/602012印刷室.gif,assets/images/drop_1013.gif
drop_1014,602013,ランチルーム,文化・社会,学校・行事,ランチルーム、文化・社会、学校・行事、602013、給食室、学校、がっこう、社会、文化,ドロップス/602013ランチルーム.gif,assets/images/drop_1014.gif
drop_1015,602014,プレイルーム,文化・社会,学校・行事,プレイルーム、文化・社会、学校・行事、602014、学校、がっこう、社会、文化,ドロップス/602014プレイルーム.gif,assets/images/drop_1015.gif
drop_1016,602015,音楽室,文化・社会,学校・行事,音楽室、文化・社会、学校・行事、602015、おんがくしつ、学校、がっこう、社会、文化,ドロップス/602015音楽室.gif,assets/images/drop_1016.gif
drop_1017,602016,相談室,文化・社会,学校・行事,相談室、文化・社会、学校・行事、602016、そうだんしつ、学校、がっこう、社会、文化,ドロップス/602016相談室.gif,assets/images/drop_1017.gif
drop_1018,602017,放送室,文化・社会,学校・行事,放送室、文化・社会、学校・行事、602017、ほうそうしつ、学校、がっこう、社会、文化,ドロップス/602017放送室.gif,assets/images/drop_1018.gif
drop_1019,602018,視聴覚室,文化・社会,学校・行事,視聴覚室、文化・社会、学校・行事、602018、しちょうかくしつ、学校、がっこう、社会、文化,ドロップス/602018視聴覚室.gif,assets/images/drop_1019.gif
drop_1020,602019,昇降口,文化・社会,学校・行事,昇降口、文化・社会、学校・行事、602019、しょうこうぐち、学校、がっこう、社会、文化,ドロップス/602019昇降口.gif,assets/images/drop_1020.gif
drop_1021,602020,下駄箱,文化・社会,学校・行事,下駄箱、文化・社会、学校・行事、602020、げたばこ、学校、がっこう、社会、文化,ドロップス/602020下駄箱.gif,assets/images/drop_1021.gif
drop_1022,602021,車椅子用トイレ,文化・社会,学校・行事,車椅子用トイレ、文化・社会、学校・行事、602021、学校、がっこう、社会、文化,ドロップス/602021車椅子用トイレ.gif,assets/images/drop_1022.gif
drop_1023,602022,職員用トイレ(男性),文化・社会,学校・行事,職員用トイレ(男性)、職員用トイレ、男性、文化・社会、学校・行事、602022、男、おとこ、男子、だんし、メンズ、だんせい、学校、がっこう、社会、文化,ドロップス/602022職員用トイレ(男性).gif,assets/images/drop_1023.gif
drop_1024,602023,職員用トイレ(女性),文化・社会,学校・行事,職員用トイレ(女性)、職員用トイレ、女性、文化・社会、学校・行事、602023、おんな、女、レディース、じょせい、じょし、女子、学校、がっこう、社会、文化,ドロップス/602023職員用トイレ(女性).gif,assets/images/drop_1024.gif
drop_1025,602024,児童用トイレ(男子),文化・社会,学校・行事,児童用トイレ(男子)、児童用トイレ、男子、文化・社会、学校・行事、602024、男、おとこ、男性、だんし、メンズ、だんせい、学校、がっこう、社会、文化,ドロップス/602024児童用トイレ(男子).gif,assets/images/drop_1025.gif
drop_1026,602025,児童用トイレ(女子),文化・社会,学校・行事,児童用トイレ(女子)、児童用トイレ、女子、文化・社会、学校・行事、602025、おんな、女性、女、レディース、じょせい、じょし、学校、がっこう、社会、文化,ドロップス/602025児童用トイレ(女子).gif,assets/images/drop_1026.gif
drop_1027,602026,職員用更衣室(男性),文化・社会,学校・行事,職員用更衣室(男性)、職員用更衣室、男性、文化・社会、学校・行事、602026、男、おとこ、男子、だんし、メンズ、だんせい、学校、がっこう、社会、文化,ドロップス/602026職員用更衣室(男性).gif,assets/images/drop_1027.gif
drop_1028,602027,職員用更衣室(女性),文化・社会,学校・行事,職員用更衣室(女性)、職員用更衣室、女性、文化・社会、学校・行事、602027、おんな、女、レディース、じょせい、じょし、女子、学校、がっこう、社会、文化,ドロップス/602027職員用更衣室(女性).gif,assets/images/drop_1028.gif
drop_1029,602028,児童用更衣室(男子),文化・社会,学校・行事,児童用更衣室(男子)、児童用更衣室、男子、文化・社会、学校・行事、602028、男、おとこ、男性、だんし、メンズ、だんせい、学校、がっこう、社会、文化,ドロップス/602028児童用更衣室(男子).gif,assets/images/drop_1029.gif
drop_1030,602029,児童用更衣室(女子),文化・社会,学校・行事,児童用更衣室(女子)、児童用更衣室、女子、文化・社会、学校・行事、602029、おんな、女性、女、レディース、じょせい、じょし、学校、がっこう、社会、文化,ドロップス/602029児童用更衣室(女子).gif,assets/images/drop_1030.gif
drop_1031,602030,ロッカー,文化・社会,学校・行事,ロッカー、文化・社会、学校・行事、602030、学校、がっこう、社会、文化,ドロップス/602030ロッカー.gif,assets/images/drop_1031.gif
drop_1032,602031,木工,文化・社会,学校・行事,木工、文化・社会、学校・行事、602031、学校、がっこう、社会、文化,ドロップス/602031木工.gif,assets/images/drop_1032.gif
drop_1033,602032,陶芸,文化・社会,学校・行事,陶芸、文化・社会、学校・行事、602032、学校、がっこう、社会、文化,ドロップス/602032陶芸.gif,assets/images/drop_1033.gif
drop_1034,602033,手工芸(1),文化・社会,学校・行事,手工芸(1)、手工芸、1、文化・社会、学校・行事、602033、学校、がっこう、いち、一、社会、文化,ドロップス/602033手工芸(1).gif,assets/images/drop_1034.gif
drop_1035,602034,被服,文化・社会,学校・行事,被服、文化・社会、学校・行事、602034、学校、がっこう、社会、文化,ドロップス/602034被服.gif,assets/images/drop_1035.gif
drop_1036,602035,農耕,文化・社会,学校・行事,農耕、文化・社会、学校・行事、602035、学校、がっこう、社会、文化,ドロップス/602035農耕.gif,assets/images/drop_1036.gif
drop_1037,602036,校庭,文化・社会,学校・行事,校庭、文化・社会、学校・行事、602036、学校、がっこう、社会、文化,ドロップス/602036校庭.gif,assets/images/drop_1037.gif
drop_1038,602037,朝の会,文化・社会,学校・行事,朝の会、朝、会、文化・社会、学校・行事、602037、あさ、学校、がっこう、社会、文化,ドロップス/602037朝の会.gif,assets/images/drop_1038.gif
drop_1039,602038,帰りの会,文化・社会,学校・行事,帰りの会、帰り、会、文化・社会、学校・行事、602038、学校、がっこう、社会、文化,ドロップス/602038帰りの会.gif,assets/images/drop_1039.gif
drop_1040,602039,先生の話,文化・社会,学校・行事,先生の話、先生、話、文化・社会、学校・行事、602039、教員、せんせい、教師、学校、がっこう、社会、文化,ドロップス/602039先生の話.gif,assets/images/drop_1040.gif
drop_1041,602040,健康観察,文化・社会,学校・行事,健康観察、文化・社会、学校・行事、602040、学校、がっこう、社会、文化,ドロップス/602040健康観察.gif,assets/images/drop_1041.gif
drop_1042,602041,予定表,文化・社会,学校・行事,予定表、文化・社会、学校・行事、602041、学校、がっこう、社会、文化,ドロップス/602041予定表.gif,assets/images/drop_1042.gif
drop_1043,602042,授業,文化・社会,学校・行事,授業、文化・社会、学校・行事、602042、学校、がっこう、社会、文化,ドロップス/602042授業.gif,assets/images/drop_1043.gif
drop_1044,602044,国語,文化・社会,学校・行事,国語、文化・社会、学校・行事、602044、学校、がっこう、社会、文化,ドロップス/602044国語.gif,assets/images/drop_1044.gif
drop_1045,602045,習字,文化・社会,学校・行事,習字、文化・社会、学校・行事、602045、学校、がっこう、社会、文化,ドロップス/602045習字.gif,assets/images/drop_1045.gif
drop_1046,602046,算数,文化・社会,学校・行事,算数、文化・社会、学校・行事、602046、学校、がっこう、社会、文化,ドロップス/602046算数.gif,assets/images/drop_1046.gif
drop_1047,602047,理科,文化・社会,学校・行事,理科、文化・社会、学校・行事、602047、学校、がっこう、社会、文化,ドロップス/602047理科.gif,assets/images/drop_1047.gif
drop_1048,602048,社会,文化・社会,学校・行事,社会、文化・社会、学校・行事、602048、学校、がっこう、文化,ドロップス/602048社会.gif,assets/images/drop_1048.gif
drop_1049,602049,体育,文化・社会,学校・行事,体育、文化・社会、学校・行事、602049、学校、がっこう、社会、文化,ドロップス/602049体育.gif,assets/images/drop_1049.gif
drop_1050,602050,準備体操,文化・社会,学校・行事,準備体操、文化・社会、学校・行事、602050、学校、がっこう、社会、文化,ドロップス/602050準備体操.gif,assets/images/drop_1050.gif
drop_1051,602051,図工(美術),文化・社会,学校・行事,図工(美術)、図工、美術、文化・社会、学校・行事、602051、学校、がっこう、社会、文化,ドロップス/602051図工（美術）.gif,assets/images/drop_1051.gif
drop_1052,602052,音楽(科目),文化・社会,学校・行事,音楽(科目)、音楽、科目、文化・社会、学校・行事、602052、おんがく、学校、がっこう、社会、文化,ドロップス/602052音楽（科目）.gif,assets/images/drop_1052.gif
drop_1053,602053,合唱,文化・社会,学校・行事,合唱、文化・社会、学校・行事、602053、学校、がっこう、社会、文化,ドロップス/602053合唱.gif,assets/images/drop_1053.gif
drop_1054,602055,家庭科,文化・社会,学校・行事,家庭科、文化・社会、学校・行事、602055、学校、がっこう、社会、文化,ドロップス/602055家庭科.gif,assets/images/drop_1054.gif
drop_1055,602056,英語,文化・社会,学校・行事,英語、文化・社会、学校・行事、602056、学校、がっこう、社会、文化,ドロップス/602056英語.gif,assets/images/drop_1055.gif
drop_1056,602057,作業学習,文化・社会,学校・行事,作業学習、文化・社会、学校・行事、602057、学校、がっこう、社会、文化,ドロップス/602057作業学習.gif,assets/images/drop_1056.gif
drop_1057,602058,休み時間(1),文化・社会,学校・行事,休み時間(1)、休み時間、1、文化・社会、学校・行事、602058、学校、がっこう、いち、一、社会、文化,ドロップス/602058休み時間(1).gif,assets/images/drop_1057.gif
drop_1058,602059,休み時間(2),文化・社会,学校・行事,休み時間(2)、休み時間、2、文化・社会、学校・行事、602059、に、学校、がっこう、二、社会、文化,ドロップス/602059休み時間(2).gif,assets/images/drop_1058.gif
drop_1059,602060,給食,文化・社会,学校・行事,給食、文化・社会、学校・行事、602060、学校、がっこう、社会、文化,ドロップス/602060給食.gif,assets/images/drop_1059.gif
drop_1060,602061,お茶の時間,文化・社会,学校・行事,お茶の時間、お茶、時間、文化・社会、学校・行事、602061、tea、ちゃ、学校、がっこう、社会、文化,ドロップス/602061お茶の時間.gif,assets/images/drop_1060.gif
drop_1061,602062,校外学習,文化・社会,学校・行事,校外学習、文化・社会、学校・行事、602062、学校、がっこう、社会、文化,ドロップス/602062校外学習.gif,assets/images/drop_1061.gif
drop_1062,602064,遠足,文化・社会,学校・行事,遠足、文化・社会、学校・行事、602064、学校、がっこう、社会、文化,ドロップス/602064遠足.gif,assets/images/drop_1062.gif
drop_1063,602069,授業参観,文化・社会,学校・行事,授業参観、文化・社会、学校・行事、602069、学校、がっこう、社会、文化,ドロップス/602069授業参観.gif,assets/images/drop_1063.gif
drop_1064,602070,全校集会,文化・社会,学校・行事,全校集会、文化・社会、学校・行事、602070、学校、がっこう、社会、文化,ドロップス/602070全校集会.gif,assets/images/drop_1064.gif
drop_1065,602071,避難訓練,文化・社会,学校・行事,避難訓練、文化・社会、学校・行事、602071、学校、がっこう、社会、文化,ドロップス/602071避難訓練.gif,assets/images/drop_1065.gif
drop_1066,602074,運動会,文化・社会,学校・行事,運動会、文化・社会、学校・行事、602074、学校、がっこう、社会、文化,ドロップス/602074運動会.gif,assets/images/drop_1066.gif
drop_1067,602076,玉入れ,文化・社会,学校・行事,玉入れ、文化・社会、学校・行事、602076、学校、がっこう、社会、文化,ドロップス/602076玉入れ.gif,assets/images/drop_1067.gif
drop_1068,602077,リレー,文化・社会,学校・行事,リレー、文化・社会、学校・行事、602077、学校、がっこう、社会、文化,ドロップス/602077リレー.gif,assets/images/drop_1068.gif
drop_1069,602078,綱引き,文化・社会,学校・行事,綱引き、文化・社会、学校・行事、602078、学校、がっこう、社会、文化,ドロップス/602078綱引き.gif,assets/images/drop_1069.gif
drop_1070,602080,大玉おくり,文化・社会,学校・行事,大玉おくり、文化・社会、学校・行事、602080、学校、がっこう、社会、文化,ドロップス/602080大玉おくり.gif,assets/images/drop_1070.gif
drop_1071,602081,文化祭,文化・社会,学校・行事,文化祭、文化・社会、学校・行事、602081、学校、がっこう、社会、文化,ドロップス/602081文化祭.gif,assets/images/drop_1071.gif
drop_1072,602083,夏休み,文化・社会,学校・行事,夏休み、文化・社会、学校・行事、602083、学校、がっこう、社会、文化,ドロップス/602083夏休み.gif,assets/images/drop_1072.gif
drop_1073,602084,冬休み,文化・社会,学校・行事,冬休み、文化・社会、学校・行事、602084、学校、がっこう、社会、文化,ドロップス/602084冬休み.gif,assets/images/drop_1073.gif
drop_1074,602085,春休み,文化・社会,学校・行事,春休み、文化・社会、学校・行事、602085、学校、がっこう、社会、文化,ドロップス/602085春休み.gif,assets/images/drop_1074.gif
drop_1075,602086,入学式,文化・社会,学校・行事,入学式、文化・社会、学校・行事、602086、学校、がっこう、社会、文化,ドロップス/602086入学式.gif,assets/images/drop_1075.gif
drop_1076,602087,卒業式,文化・社会,学校・行事,卒業式、文化・社会、学校・行事、602087、学校、がっこう、社会、文化,ドロップス/602087卒業式.gif,assets/images/drop_1076.gif
drop_1077,602088,始業式,文化・社会,学校・行事,始業式、文化・社会、学校・行事、602088、学校、がっこう、社会、文化,ドロップス/602088始業式.gif,assets/images/drop_1077.gif
drop_1078,602089,終業式,文化・社会,学校・行事,終業式、文化・社会、学校・行事、602089、学校、がっこう、社会、文化,ドロップス/602089終業式.gif,assets/images/drop_1078.gif
drop_1079,602090,はじめの言葉,文化・社会,学校・行事,はじめの言葉、はじめ、言葉、文化・社会、学校・行事、602090、学校、がっこう、社会、文化,ドロップス/602090はじめの言葉.gif,assets/images/drop_1079.gif
drop_1080,602091,終わりの言葉,文化・社会,学校・行事,終わりの言葉、終わり、言葉、文化・社会、学校・行事、602091、学校、がっこう、社会、文化,ドロップス/602091終わりの言葉.gif,assets/images/drop_1080.gif
drop_1081,602092,国歌斉唱,文化・社会,学校・行事,国歌斉唱、文化・社会、学校・行事、602092、学校、がっこう、社会、文化,ドロップス/602092国歌斉唱.gif,assets/images/drop_1081.gif
drop_1082,602093,卒業証書授与,文化・社会,学校・行事,卒業証書授与、文化・社会、学校・行事、602093、学校、がっこう、社会、文化,ドロップス/602093卒業証書授与.gif,assets/images/drop_1082.gif
drop_1083,602094,学校長式辞(男性)(髭あり),文化・社会,学校・行事,学校長式辞(男性)(髭あり)、学校長式辞、男性、髭あり、文化・社会、学校・行事、602094、男、おとこ、男子、だんし、メンズ、だんせい、学校、がっこう、社会、文化,ドロップス/602094学校長式辞(男性)(髭あり).gif,assets/images/drop_1083.gif
drop_1084,602095,学校長式辞(男性)(髭なし),文化・社会,学校・行事,学校長式辞(男性)(髭なし)、学校長式辞、男性、髭なし、文化・社会、学校・行事、602095、男、おとこ、男子、だんし、メンズ、だんせい、学校、がっこう、社会、文化,ドロップス/602095学校長式辞(男性)(髭なし).gif,assets/images/drop_1084.gif
drop_1085,602097,PTA会長の言葉(男性),文化・社会,学校・行事,PTA会長の言葉(男性)、PTA会長の言葉、男性、PTA会長、言葉、文化・社会、学校・行事、602097、男、おとこ、男子、だんし、メンズ、だんせい、学校、がっこう、社会、文化,ドロップス/602097PTA会長の言葉(男性).gif,assets/images/drop_1085.gif
drop_1086,602098,PTA会長の言葉(女性),文化・社会,学校・行事,PTA会長の言葉(女性)、PTA会長の言葉、女性、PTA会長、言葉、文化・社会、学校・行事、602098、おんな、女、レディース、じょせい、じょし、女子、学校、がっこう、社会、文化,ドロップス/602098PTA会長の言葉(女性).gif,assets/images/drop_1086.gif
drop_1087,602099,送辞,文化・社会,学校・行事,送辞、文化・社会、学校・行事、602099、学校、がっこう、社会、文化,ドロップス/602099送辞.gif,assets/images/drop_1087.gif
drop_1088,602100,答辞,文化・社会,学校・行事,答辞、文化・社会、学校・行事、602100、学校、がっこう、社会、文化,ドロップス/602100答辞.gif,assets/images/drop_1088.gif
drop_1089,602101,保護者代表挨拶(男性),文化・社会,学校・行事,保護者代表挨拶(男性)、保護者代表挨拶、男性、文化・社会、学校・行事、602101、男、おとこ、男子、だんし、メンズ、だんせい、学校、がっこう、社会、文化,ドロップス/602101保護者代表挨拶(男性).gif,assets/images/drop_1089.gif
drop_1090,602102,保護者代表挨拶(女性),文化・社会,学校・行事,保護者代表挨拶(女性)、保護者代表挨拶、女性、文化・社会、学校・行事、602102、おんな、女、レディース、じょせい、じょし、女子、学校、がっこう、社会、文化,ドロップス/602102保護者代表挨拶(女性).gif,assets/images/drop_1090.gif
drop_1091,602103,来賓祝辞・祝電披露,文化・社会,学校・行事,来賓祝辞・祝電披露、来賓祝辞、祝電披露、文化・社会、学校・行事、602103、学校、がっこう、社会、文化,ドロップス/602103来賓祝辞・祝電披露.gif,assets/images/drop_1091.gif
drop_1092,602104,身長測定,文化・社会,学校・行事,身長測定、文化・社会、学校・行事、602104、学校、がっこう、社会、文化,ドロップス/602104身長測定.gif,assets/images/drop_1092.gif
drop_1093,602105,体重測定(男子),文化・社会,学校・行事,体重測定(男子)、体重測定、男子、文化・社会、学校・行事、602105、男、おとこ、男性、だんし、メンズ、だんせい、学校、がっこう、社会、文化,ドロップス/602105体重測定(男子).gif,assets/images/drop_1093.gif
drop_1094,602106,体重測定(女子),文化・社会,学校・行事,体重測定(女子)、体重測定、女子、文化・社会、学校・行事、602106、おんな、女性、女、レディース、じょせい、じょし、学校、がっこう、社会、文化,ドロップス/602106体重測定(女子).gif,assets/images/drop_1094.gif
drop_1095,602107,座高測定,文化・社会,学校・行事,座高測定、文化・社会、学校・行事、602107、学校、がっこう、社会、文化,ドロップス/602107座高測定.gif,assets/images/drop_1095.gif
drop_1096,602109,眼科検診,文化・社会,学校・行事,眼科検診、文化・社会、学校・行事、602109、学校、がっこう、社会、文化,ドロップス/602109眼科検診.gif,assets/images/drop_1096.gif
drop_1097,602110,歯科検診,文化・社会,学校・行事,歯科検診、文化・社会、学校・行事、602110、学校、がっこう、社会、文化,ドロップス/602110歯科検診.gif,assets/images/drop_1097.gif
drop_1098,602112,耳鼻科検診(左耳),文化・社会,学校・行事,耳鼻科検診(左耳)、耳鼻科検診、左耳、文化・社会、学校・行事、602112、学校、左、がっこう、ひだり、社会、文化,ドロップス/602112耳鼻科検診(左耳).gif,assets/images/drop_1098.gif
drop_1099,602113,耳鼻科検診(鼻),文化・社会,学校・行事,耳鼻科検診(鼻)、耳鼻科検診、鼻、文化・社会、学校・行事、602113、はな、学校、がっこう、社会、文化,ドロップス/602113耳鼻科検診(鼻).gif,assets/images/drop_1099.gif
drop_1100,602114,耳鼻科検診(口),文化・社会,学校・行事,耳鼻科検診(口)、耳鼻科検診、口、文化・社会、学校・行事、602114、くち、マウス、学校、がっこう、社会、文化,ドロップス/602114耳鼻科検診(口).gif,assets/images/drop_1100.gif
drop_1101,602115,内科検診,文化・社会,学校・行事,内科検診、文化・社会、学校・行事、602115、学校、がっこう、社会、文化,ドロップス/602115内科検診.gif,assets/images/drop_1101.gif
drop_1102,602116,レントゲン検査,文化・社会,学校・行事,レントゲン検査、文化・社会、学校・行事、602116、学校、がっこう、社会、文化,ドロップス/602116レントゲン検査.gif,assets/images/drop_1102.gif
drop_1103,602117,検温,文化・社会,学校・行事,検温、文化・社会、学校・行事、602117、体温測定、体温、学校、がっこう、社会、文化,ドロップス/602117検温.gif,assets/images/drop_1103.gif
drop_1104,602118,視力検査(右目),文化・社会,学校・行事,視力検査(右目)、視力検査、右目、文化・社会、学校・行事、602118、視力、目の検査、みぎ、学校、がっこう、右、社会、文化,ドロップス/602118視力検査(右目).gif,assets/images/drop_1104.gif
drop_1105,602120,心電図検査,文化・社会,学校・行事,心電図検査、文化・社会、学校・行事、602120、心電図、学校、がっこう、社会、文化,ドロップス/602120心電図検査.gif,assets/images/drop_1105.gif
drop_1106,602121,聴力検査(右耳)(音あり),文化・社会,学校・行事,聴力検査(右耳)(音あり)、聴力検査、右耳、音あり、文化・社会、学校・行事、602121、耳の検査、聴力、みぎ、学校、がっこう、右、社会、文化,ドロップス/602121聴力検査(右耳)(音あり).gif,assets/images/drop_1106.gif
drop_1107,602125,カラーテスター,文化・社会,学校・行事,カラーテスター、文化・社会、学校・行事、602125、学校、がっこう、社会、文化,ドロップス/602125カラーテスター.gif,assets/images/drop_1107.gif
drop_1108,602126,教科書,文化・社会,学校・行事,教科書、文化・社会、学校・行事、602126、学校、がっこう、社会、文化,ドロップス/602126教科書.gif,assets/images/drop_1108.gif
drop_1109,602127,紅白帽子,文化・社会,学校・行事,紅白帽子、文化・社会、学校・行事、602127、学校、がっこう、社会、文化,ドロップス/602127紅白帽子.gif,assets/images/drop_1109.gif
drop_1110,602128,給食着,文化・社会,学校・行事,給食着、文化・社会、学校・行事、602128、きゅうしょくぎ、学校、がっこう、社会、文化,ドロップス/602128給食着.gif,assets/images/drop_1110.gif
drop_1111,602129,給食帽子,文化・社会,学校・行事,給食帽子、文化・社会、学校・行事、602129、きゅうしょくぼうし、学校、がっこう、社会、文化,ドロップス/602129給食帽子.gif,assets/images/drop_1111.gif
drop_1112,602151,食缶(1)(ふたあり),文化・社会,学校・行事,食缶(1)(ふたあり)、食缶、1、ふたあり、文化・社会、学校・行事、602151、しょっかん、学校、がっこう、いち、一、社会、文化,ドロップス/602151食缶(1)(ふたあり).png,assets/images/drop_1112.png
drop_1113,602152,食缶(1)(ふたなし),文化・社会,学校・行事,食缶(1)(ふたなし)、食缶、1、ふたなし、文化・社会、学校・行事、602152、しょっかん、学校、がっこう、いち、一、社会、文化,ドロップス/602152食缶(1)(ふたなし).png,assets/images/drop_1113.png
drop_1114,602153,食缶(2)(ふたあり),文化・社会,学校・行事,食缶(2)(ふたあり)、食缶、2、ふたあり、文化・社会、学校・行事、602153、しょっかん、に、学校、がっこう、二、社会、文化,ドロップス/602153食缶(2)(ふたあり).png,assets/images/drop_1114.png
drop_1115,602154,食缶(2)(ふたなし),文化・社会,学校・行事,食缶(2)(ふたなし)、食缶、2、ふたなし、文化・社会、学校・行事、602154、しょっかん、に、学校、がっこう、二、社会、文化,ドロップス/602154食缶(2)(ふたなし).png,assets/images/drop_1115.png
drop_1116,602155,食缶(3)(ふたあり),文化・社会,学校・行事,食缶(3)(ふたあり)、食缶、3、ふたあり、文化・社会、学校・行事、602155、しょっかん、学校、がっこう、三、さん、社会、文化,ドロップス/602155食缶(3)(ふたあり).png,assets/images/drop_1116.png
drop_1117,602156,食缶(3)(ふたなし),文化・社会,学校・行事,食缶(3)(ふたなし)、食缶、3、ふたなし、文化・社会、学校・行事、602156、しょっかん、学校、がっこう、三、さん、社会、文化,ドロップス/602156食缶(3)(ふたなし).png,assets/images/drop_1117.png
drop_1118,602157,パン箱,文化・社会,学校・行事,パン箱、文化・社会、学校・行事、602157、学校、がっこう、社会、文化,ドロップス/602157パン箱.png,assets/images/drop_1118.png
drop_1119,602158,ご飯箱,文化・社会,学校・行事,ご飯箱、文化・社会、学校・行事、602158、学校、がっこう、社会、文化,ドロップス/602158ご飯箱.png,assets/images/drop_1119.png
drop_1120,602159,食器かご,文化・社会,学校・行事,食器かご、文化・社会、学校・行事、602159、学校、がっこう、社会、文化,ドロップス/602159食器かご.png,assets/images/drop_1120.png
drop_1121,602160,給食用トレー,文化・社会,学校・行事,給食用トレー、文化・社会、学校・行事、602160、学校、がっこう、社会、文化,ドロップス/602160給食用トレー.png,assets/images/drop_1121.png
drop_1122,602161,牛乳ケース,文化・社会,学校・行事,牛乳ケース、文化・社会、学校・行事、602161、学校、がっこう、社会、文化,ドロップス/602161牛乳ケース.png,assets/images/drop_1122.png
drop_1123,602162,図書袋,文化・社会,学校・行事,図書袋、文化・社会、学校・行事、602162、としょぶくろ、学校、がっこう、社会、文化,ドロップス/602162図書袋.png,assets/images/drop_1123.png
drop_1124,602163,音楽鑑賞,文化・社会,学校・行事,音楽鑑賞、文化・社会、学校・行事、602163、学校、がっこう、社会、文化,ドロップス/602163音楽鑑賞.png,assets/images/drop_1124.png
drop_1125,602164,交通安全教室,文化・社会,学校・行事,交通安全教室、文化・社会、学校・行事、602164、交通安全、学校、がっこう、社会、文化,ドロップス/602164交通安全教室.png,assets/images/drop_1125.png
drop_1126,602165,学習発表会,文化・社会,学校・行事,学習発表会、文化・社会、学校・行事、602165、発表会、学校、がっこう、社会、文化,ドロップス/602165学習発表会.png,assets/images/drop_1126.png
drop_1127,602166,ゴール,文化・社会,学校・行事,ゴール、文化・社会、学校・行事、602166、goal、学校、がっこう、社会、文化,ドロップス/602166ゴール.png,assets/images/drop_1127.png
drop_1128,602167,旗拾い,文化・社会,学校・行事,旗拾い、文化・社会、学校・行事、602167、学校、がっこう、社会、文化,ドロップス/602167旗拾い.png,assets/images/drop_1128.png
drop_1129,602168,旗拾い(旗を拾う),文化・社会,学校・行事,旗拾い(旗を拾う)、旗拾い、旗を拾う、文化・社会、学校・行事、602168、学校、がっこう、社会、文化,ドロップス/602168旗拾い(旗を拾う).png,assets/images/drop_1129.png
drop_1130,602169,旗拾い(旗を持って走る),文化・社会,学校・行事,旗拾い(旗を持って走る)、旗拾い、旗を持って走る、文化・社会、学校・行事、602169、学校、がっこう、社会、文化,ドロップス/602169旗拾い(旗を持って走る).png,assets/images/drop_1130.png
drop_1131,602170,旗拾い(ゴールする),文化・社会,学校・行事,旗拾い(ゴールする)、旗拾い、ゴールする、ゴール、文化・社会、学校・行事、602170、goal、学校、がっこう、社会、文化,ドロップス/602170旗拾い(ゴールする).png,assets/images/drop_1131.png
drop_1132,602171,歯鏡,文化・社会,学校・行事,歯鏡、文化・社会、学校・行事、602171、学校、がっこう、社会、文化,ドロップス/602171歯鏡.png,assets/images/drop_1132.png
drop_1133,602172,探針,文化・社会,学校・行事,探針、文化・社会、学校・行事、602172、学校、がっこう、社会、文化,ドロップス/602172探針.png,assets/images/drop_1133.png
drop_1134,602173,右耳を見せる,文化・社会,学校・行事,右耳を見せる、右耳、見せる、文化・社会、学校・行事、602173、みぎ、学校、がっこう、右、社会、文化,ドロップス/602173右耳を見せる.png,assets/images/drop_1134.png
drop_1135,602174,左耳を見せる,文化・社会,学校・行事,左耳を見せる、左耳、見せる、文化・社会、学校・行事、602174、学校、左、がっこう、ひだり、社会、文化,ドロップス/602174左耳を見せる.png,assets/images/drop_1135.png
drop_1136,602175,耳鏡を入れる(右耳),文化・社会,学校・行事,耳鏡を入れる(右耳)、耳鏡を入れる、右耳、耳鏡、入れる、文化・社会、学校・行事、602175、みぎ、学校、がっこう、右、社会、文化,ドロップス/602175耳鏡を入れる(右耳).png,assets/images/drop_1136.png
drop_1137,602176,耳鏡を入れる(左耳),文化・社会,学校・行事,耳鏡を入れる(左耳)、耳鏡を入れる、左耳、耳鏡、入れる、文化・社会、学校・行事、602176、学校、左、がっこう、ひだり、社会、文化,ドロップス/602176耳鏡を入れる(左耳).png,assets/images/drop_1137.png
drop_1138,602177,耳鏡(トレルチェ氏),文化・社会,学校・行事,耳鏡(トレルチェ氏)、耳鏡、トレルチェ氏、文化・社会、学校・行事、602177、学校、がっこう、社会、文化,ドロップス/602177耳鏡(トレルチェ氏).png,assets/images/drop_1138.png
drop_1139,602178,鼻を見せる,文化・社会,学校・行事,鼻を見せる、鼻、見せる、文化・社会、学校・行事、602178、はな、学校、がっこう、社会、文化,ドロップス/602178鼻を見せる.png,assets/images/drop_1139.png
drop_1140,602179,鼻鏡を入れる(右),文化・社会,学校・行事,鼻鏡を入れる(右)、鼻鏡を入れる、右、鼻鏡、入れる、文化・社会、学校・行事、602179、みぎ、学校、がっこう、社会、文化,ドロップス/602179鼻鏡を入れる(右).png,assets/images/drop_1140.png
drop_1141,602180,鼻鏡を入れる(左),文化・社会,学校・行事,鼻鏡を入れる(左)、鼻鏡を入れる、左、鼻鏡、入れる、文化・社会、学校・行事、602180、学校、がっこう、ひだり、社会、文化,ドロップス/602180鼻鏡を入れる(左).png,assets/images/drop_1141.png
drop_1142,602181,鼻鏡,文化・社会,学校・行事,鼻鏡、文化・社会、学校・行事、602181、学校、がっこう、社会、文化,ドロップス/602181鼻鏡.png,assets/images/drop_1142.png
drop_1143,602182,口を開ける,文化・社会,学校・行事,口を開ける、口、開ける、文化・社会、学校・行事、602182、くち、マウス、あける、学校、がっこう、社会、文化,ドロップス/602182口を開ける.png,assets/images/drop_1143.png
drop_1144,602183,舌圧子を入れる(1),文化・社会,学校・行事,舌圧子を入れる(1)、舌圧子を入れる、1、舌圧子、入れる、文化・社会、学校・行事、602183、学校、がっこう、いち、一、社会、文化,ドロップス/602183舌圧子を入れる(1).png,assets/images/drop_1144.png
drop_1145,602184,舌圧子を入れる(2),文化・社会,学校・行事,舌圧子を入れる(2)、舌圧子を入れる、2、舌圧子、入れる、文化・社会、学校・行事、602184、に、学校、がっこう、二、社会、文化,ドロップス/602184舌圧子を入れる(2).png,assets/images/drop_1145.png
drop_1146,602185,舌圧子を入れる(3),文化・社会,学校・行事,舌圧子を入れる(3)、舌圧子を入れる、3、舌圧子、入れる、文化・社会、学校・行事、602185、学校、がっこう、三、さん、社会、文化,ドロップス/602185舌圧子を入れる(3).png,assets/images/drop_1146.png
drop_1147,602186,舌圧子,文化・社会,学校・行事,舌圧子、文化・社会、学校・行事、602186、学校、がっこう、社会、文化,ドロップス/602186舌圧子.png,assets/images/drop_1147.png
drop_1148,602187,舌圧子(木製),文化・社会,学校・行事,舌圧子(木製)、舌圧子、木製、文化・社会、学校・行事、602187、学校、がっこう、社会、文化,ドロップス/602187舌圧子(木製).png,assets/images/drop_1148.png
drop_1149,602188,舌圧子(フレンケル氏),文化・社会,学校・行事,舌圧子(フレンケル氏)、舌圧子、フレンケル氏、文化・社会、学校・行事、602188、学校、がっこう、社会、文化,ドロップス/602188舌圧子(フレンケル氏).png,assets/images/drop_1149.png
drop_1150,602189,診察台に寝る,文化・社会,学校・行事,診察台に寝る、診察台、寝る、文化・社会、学校・行事、602189、ねる、就寝、学校、がっこう、社会、文化,ドロップス/602189診察台に寝る.png,assets/images/drop_1150.png
drop_1151,602190,診察台,文化・社会,学校・行事,診察台、文化・社会、学校・行事、602190、学校、がっこう、社会、文化,ドロップス/602190診察台.png,assets/images/drop_1151.png
drop_1152,602191,診察用回転椅子に座る,文化・社会,学校・行事,診察用回転椅子に座る、診察用回転椅子、座る、文化・社会、学校・行事、602191、すわる、学校、がっこう、社会、文化,ドロップス/602191診察用回転椅子に座る.png,assets/images/drop_1152.png
drop_1153,602192,診察用回転椅子,文化・社会,学校・行事,診察用回転椅子、文化・社会、学校・行事、602192、学校、がっこう、社会、文化,ドロップス/602192診察用回転椅子.png,assets/images/drop_1153.png
drop_1154,602193,聴診器,文化・社会,学校・行事,聴診器、文化・社会、学校・行事、602193、学校、がっこう、社会、文化,ドロップス/602193聴診器.png,assets/images/drop_1154.png
drop_1155,602194,体温計を入れる,文化・社会,学校・行事,体温計を入れる、体温計、入れる、文化・社会、学校・行事、602194、たいおんけい、学校、がっこう、社会、文化,ドロップス/602194体温計を入れる.png,assets/images/drop_1155.png
drop_1156,602195,パンツをはく(男子),文化・社会,学校・行事,パンツをはく(男子)、パンツをはく、男子、パンツ、はく、文化・社会、学校・行事、602195、男、おとこ、男性、ズボン、だんし、メンズ、だんせい、学校、がっこう、社会、文化,ドロップス/602195パンツをはく(男子).png,assets/images/drop_1156.png
drop_1157,602196,パンツをはく(女子),文化・社会,学校・行事,パンツをはく(女子)、パンツをはく、女子、パンツ、はく、文化・社会、学校・行事、602196、おんな、ズボン、女性、女、レディース、じょせい、じょし、学校、がっこう、社会、文化,ドロップス/602196パンツをはく(女子).png,assets/images/drop_1157.png
drop_1158,602197,検尿とギョウ虫検査,文化・社会,学校・行事,検尿とギョウ虫検査、検尿、ギョウ虫検査、文化・社会、学校・行事、602197、ぎょう虫、寄生虫検査、尿検査、学校、がっこう、社会、文化,ドロップス/602197検尿とギョウ虫検査.png,assets/images/drop_1158.png
drop_1159,602198,尿をコップに採る,文化・社会,学校・行事,尿をコップに採る、尿、コップ、採る、文化・社会、学校・行事、602198、学校、がっこう、社会、文化,ドロップス/602198尿をコップに採る.png,assets/images/drop_1159.png
drop_1160,602199,尿を容器に採る,文化・社会,学校・行事,尿を容器に採る、尿、容器、採る、文化・社会、学校・行事、602199、学校、がっこう、社会、文化,ドロップス/602199尿を容器に採る.png,assets/images/drop_1160.png
drop_1161,602200,検尿,文化・社会,学校・行事,検尿、文化・社会、学校・行事、602200、尿検査、学校、がっこう、社会、文化,ドロップス/602200検尿.png,assets/images/drop_1161.png
drop_1162,602201,検尿容器と紙コップ,文化・社会,学校・行事,検尿容器と紙コップ、検尿容器、紙コップ、文化・社会、学校・行事、602201、学校、がっこう、社会、文化,ドロップス/602201検尿容器と紙コップ.png,assets/images/drop_1162.png
drop_1163,602202,検尿を袋に入れる,文化・社会,学校・行事,検尿を袋に入れる、検尿、袋、入れる、文化・社会、学校・行事、602202、尿検査、学校、がっこう、社会、文化,ドロップス/602202検尿を袋に入れる.png,assets/images/drop_1163.png
drop_1164,602203,ギョウ虫検査セロファン,文化・社会,学校・行事,ギョウ虫検査セロファン、文化・社会、学校・行事、602203、学校、がっこう、社会、文化,ドロップス/602203ギョウ虫検査セロファン.png,assets/images/drop_1164.png
drop_1165,602204,便意,文化・社会,学校・行事,便意、文化・社会、学校・行事、602204、べんい、学校、がっこう、社会、文化,ドロップス/602204便意.png,assets/images/drop_1165.png
drop_1166,602205,普通便,文化・社会,学校・行事,普通便、文化・社会、学校・行事、602205、学校、がっこう、社会、文化,ドロップス/602205普通便.png,assets/images/drop_1166.png
drop_1167,602206,軟便,文化・社会,学校・行事,軟便、文化・社会、学校・行事、602206、学校、がっこう、社会、文化,ドロップス/602206軟便.png,assets/images/drop_1167.png
drop_1168,602207,下痢便,文化・社会,学校・行事,下痢便、文化・社会、学校・行事、602207、下痢、学校、がっこう、社会、文化,ドロップス/602207下痢便.png,assets/images/drop_1168.png
drop_1169,602208,硬い便,文化・社会,学校・行事,硬い便、文化・社会、学校・行事、602208、硬便、便秘、学校、がっこう、社会、文化,ドロップス/602208硬い便.png,assets/images/drop_1169.png
drop_1170,602209,注入,文化・社会,学校・行事,注入、文化・社会、学校・行事、602209、学校、がっこう、社会、文化,ドロップス/602209注入.png,assets/images/drop_1170.png
drop_1171,602210,胃ろう注入(1),文化・社会,学校・行事,胃ろう注入(1)、胃ろう注入、1、文化・社会、学校・行事、602210、学校、がっこう、いち、一、社会、文化,ドロップス/602210胃ろう注入(1).png,assets/images/drop_1171.png
drop_1172,602211,胃ろう注入(2),文化・社会,学校・行事,胃ろう注入(2)、胃ろう注入、2、文化・社会、学校・行事、602211、に、学校、がっこう、二、社会、文化,ドロップス/602211胃ろう注入(2).png,assets/images/drop_1172.png
drop_1173,602212,経鼻経管栄養,文化・社会,学校・行事,経鼻経管栄養、文化・社会、学校・行事、602212、けいびけいかんえいよう、学校、がっこう、社会、文化,ドロップス/602212経鼻経管栄養.png,assets/images/drop_1173.png
drop_1174,602213,吸引器,文化・社会,学校・行事,吸引器、文化・社会、学校・行事、602213、きゅういんき、学校、がっこう、社会、文化,ドロップス/602213吸引器.png,assets/images/drop_1174.png
drop_1175,602214,目を洗う,文化・社会,学校・行事,目を洗う、目、洗う、文化・社会、学校・行事、602214、アイ、め、学校、がっこう、社会、文化,ドロップス/602214目を洗う.png,assets/images/drop_1175.png
drop_1176,602215,傷を洗う,文化・社会,学校・行事,傷を洗う、傷、洗う、文化・社会、学校・行事、602215、学校、がっこう、社会、文化,ドロップス/602215傷を洗う.png,assets/images/drop_1176.png
drop_1177,602216,消毒する,文化・社会,学校・行事,消毒する、消毒、文化・社会、学校・行事、602216、しょうどく、学校、がっこう、社会、文化,ドロップス/602216消毒する.png,assets/images/drop_1177.png
drop_1178,602217,消毒薬(1),文化・社会,学校・行事,消毒薬(1)、消毒薬、1、文化・社会、学校・行事、602217、学校、がっこう、いち、一、社会、文化,ドロップス/602217消毒薬(1).png,assets/images/drop_1178.png
drop_1179,602218,綿で拭く,文化・社会,学校・行事,綿で拭く、綿、拭く、文化・社会、学校・行事、602218、学校、がっこう、社会、文化,ドロップス/602218綿で拭く.png,assets/images/drop_1179.png
drop_1180,602219,絆創膏を貼る,文化・社会,学校・行事,絆創膏を貼る、絆創膏、貼る、文化・社会、学校・行事、602219、ばんそうこう、学校、がっこう、社会、文化,ドロップス/602219絆創膏を貼る.png,assets/images/drop_1180.png
drop_1181,602220,湿布を貼る,文化・社会,学校・行事,湿布を貼る、湿布、貼る、文化・社会、学校・行事、602220、しっぷ、学校、がっこう、社会、文化,ドロップス/602220湿布を貼る.png,assets/images/drop_1181.png
drop_1182,602221,ガーゼを貼る,文化・社会,学校・行事,ガーゼを貼る、ガーゼ、貼る、文化・社会、学校・行事、602221、学校、がっこう、社会、文化,ドロップス/602221ガーゼを貼る.png,assets/images/drop_1182.png
drop_1183,602222,薬を塗る,文化・社会,学校・行事,薬を塗る、薬、塗る、文化・社会、学校・行事、602222、くすり、学校、がっこう、社会、文化,ドロップス/602222薬を塗る.png,assets/images/drop_1183.png
drop_1184,602223,薬を飲む(カプセル),文化・社会,学校・行事,薬を飲む(カプセル)、薬を飲む、カプセル、薬、飲む、文化・社会、学校・行事、602223、くすり、のむ、学校、がっこう、社会、文化,ドロップス/602223薬を飲む(カプセル).png,assets/images/drop_1184.png
drop_1185,602224,冷却シートを貼る,文化・社会,学校・行事,冷却シートを貼る、冷却シート、貼る、文化・社会、学校・行事、602224、学校、がっこう、社会、文化,ドロップス/602224冷却シートを貼る.png,assets/images/drop_1185.png
drop_1186,602225,冷却枕を使う,文化・社会,学校・行事,冷却枕を使う、冷却枕、使う、文化・社会、学校・行事、602225、学校、がっこう、社会、文化,ドロップス/602225冷却枕を使う.png,assets/images/drop_1186.png
drop_1187,602226,冷却枕,文化・社会,学校・行事,冷却枕、文化・社会、学校・行事、602226、学校、がっこう、社会、文化,ドロップス/602226冷却枕.png,assets/images/drop_1187.png
drop_1188,602227,点滴,文化・社会,学校・行事,点滴、文化・社会、学校・行事、602227、てんてき、学校、がっこう、社会、文化,ドロップス/602227点滴.png,assets/images/drop_1188.png
drop_1189,602228,薬を飲む(錠剤),文化・社会,学校・行事,薬を飲む(錠剤)、薬を飲む、錠剤、薬、飲む、文化・社会、学校・行事、602228、くすり、のむ、学校、がっこう、社会、文化,ドロップス/602228薬を飲む(錠剤).png,assets/images/drop_1189.png
drop_1190,602229,薬を飲む(粉薬),文化・社会,学校・行事,薬を飲む(粉薬)、薬を飲む、粉薬、薬、飲む、文化・社会、学校・行事、602229、くすり、のむ、学校、がっこう、社会、文化,ドロップス/602229薬を飲む(粉薬).png,assets/images/drop_1190.png
drop_1191,602230,薬を飲む(シロップ薬),文化・社会,学校・行事,薬を飲む(シロップ薬)、薬を飲む、シロップ薬、薬、飲む、文化・社会、学校・行事、602230、くすり、のむ、学校、がっこう、社会、文化,ドロップス/602230薬を飲む(シロップ薬).png,assets/images/drop_1191.png
drop_1192,602231,目薬をさす(1),文化・社会,学校・行事,目薬をさす(1)、目薬をさす、1、目薬、さす、文化・社会、学校・行事、602231、めぐすり、学校、がっこう、いち、一、社会、文化,ドロップス/602231目薬をさす(1).png,assets/images/drop_1192.png
drop_1193,602232,目薬をさす(2),文化・社会,学校・行事,目薬をさす(2)、目薬をさす、2、目薬、さす、文化・社会、学校・行事、602232、めぐすり、に、学校、がっこう、二、社会、文化,ドロップス/602232目薬をさす(2).png,assets/images/drop_1193.png
drop_1194,602233,生理用ナプキンをつける,文化・社会,学校・行事,生理用ナプキンをつける、生理用ナプキン、つける、文化・社会、学校・行事、602233、生理用品、ナプキン、学校、がっこう、社会、文化,ドロップス/602233生理用ナプキンをつける.png,assets/images/drop_1194.png
drop_1195,602234,体を洗う(首)(男子),文化・社会,学校・行事,体を洗う(首)(男子)、体を洗う、首、男子、体、洗う、文化・社会、学校・行事、602234、男、おとこ、男性、くび、からだ、身体、だんし、メンズ、だんせい、学校、がっこう、社会、文化,ドロップス/602234体を洗う(首)(男子).png,assets/images/drop_1195.png
drop_1196,602235,体を洗う(首)(女子),文化・社会,学校・行事,体を洗う(首)(女子)、体を洗う、首、女子、体、洗う、文化・社会、学校・行事、602235、おんな、くび、からだ、身体、女性、女、レディース、じょせい、じょし、学校、がっこう、社会、文化,ドロップス/602235体を洗う(首)(女子).png,assets/images/drop_1196.png
drop_1197,602236,体を洗う(右手)(男子),文化・社会,学校・行事,体を洗う(右手)(男子)、体を洗う、右手、男子、体、洗う、文化・社会、学校・行事、602236、男、おとこ、男性、からだ、身体、だんし、メンズ、だんせい、学校、右、みぎ、がっこう、社会、文化,ドロップス/602236体を洗う(右手)(男子).png,assets/images/drop_1197.png
drop_1198,602237,体を洗う(右手)(女子),文化・社会,学校・行事,体を洗う(右手)(女子)、体を洗う、右手、女子、体、洗う、文化・社会、学校・行事、602237、おんな、からだ、身体、女性、女、レディース、じょせい、じょし、学校、がっこう、右、みぎ、社会、文化,ドロップス/602237体を洗う(右手)(女子).png,assets/images/drop_1198.png
drop_1199,602238,体を洗う(右脇)(男子),文化・社会,学校・行事,体を洗う(右脇)(男子)、体を洗う、右脇、男子、体、洗う、文化・社会、学校・行事、602238、男、おとこ、男性、からだ、身体、だんし、メンズ、だんせい、学校、右、みぎ、がっこう、社会、文化,ドロップス/602238体を洗う(右脇)(男子).png,assets/images/drop_1199.png
drop_1200,602239,体を洗う(右脇)(女子),文化・社会,学校・行事,体を洗う(右脇)(女子)、体を洗う、右脇、女子、体、洗う、文化・社会、学校・行事、602239、おんな、からだ、身体、女性、女、レディース、じょせい、じょし、学校、がっこう、右、みぎ、社会、文化,ドロップス/602239体を洗う(右脇)(女子).png,assets/images/drop_1200.png
drop_1201,602240,体を洗う(左手)(男子),文化・社会,学校・行事,体を洗う(左手)(男子)、体を洗う、左手、男子、体、洗う、文化・社会、学校・行事、602240、男、おとこ、男性、からだ、身体、だんし、メンズ、だんせい、学校、がっこう、左、ひだり、社会、文化,ドロップス/602240体を洗う(左手)(男子).png,assets/images/drop_1201.png
drop_1202,602241,体を洗う(左手)(女子),文化・社会,学校・行事,体を洗う(左手)(女子)、体を洗う、左手、女子、体、洗う、文化・社会、学校・行事、602241、おんな、からだ、身体、女性、女、レディース、じょせい、じょし、学校、がっこう、左、ひだり、社会、文化,ドロップス/602241体を洗う(左手)(女子).png,assets/images/drop_1202.png
drop_1203,602242,体を洗う(左脇)(男子),文化・社会,学校・行事,体を洗う(左脇)(男子)、体を洗う、左脇、男子、体、洗う、文化・社会、学校・行事、602242、男、おとこ、男性、からだ、身体、だんし、メンズ、だんせい、学校、がっこう、左、ひだり、社会、文化,ドロップス/602242体を洗う(左脇)(男子).png,assets/images/drop_1203.png
drop_1204,602243,体を洗う(左脇)(女子),文化・社会,学校・行事,体を洗う(左脇)(女子)、体を洗う、左脇、女子、体、洗う、文化・社会、学校・行事、602243、おんな、からだ、身体、女性、女、レディース、じょせい、じょし、学校、がっこう、左、ひだり、社会、文化,ドロップス/602243体を洗う(左脇)(女子).png,assets/images/drop_1204.png
drop_1205,602244,体を洗う(胸)(男子),文化・社会,学校・行事,体を洗う(胸)(男子)、体を洗う、胸、男子、体、洗う、文化・社会、学校・行事、602244、男、おとこ、男性、からだ、身体、だんし、メンズ、だんせい、学校、がっこう、社会、文化,ドロップス/602244体を洗う(胸)(男子).png,assets/images/drop_1205.png
drop_1206,602245,体を洗う(胸)(女子),文化・社会,学校・行事,体を洗う(胸)(女子)、体を洗う、胸、女子、体、洗う、文化・社会、学校・行事、602245、おんな、からだ、身体、女性、女、レディース、じょせい、じょし、学校、がっこう、社会、文化,ドロップス/602245体を洗う(胸)(女子).png,assets/images/drop_1206.png
drop_1207,602246,体を洗う(腹)(男子),文化・社会,学校・行事,体を洗う(腹)(男子)、体を洗う、腹、男子、体、洗う、文化・社会、学校・行事、602246、おなか、男、おとこ、男性、お腹、からだ、身体、だんし、メンズ、だんせい、学校、がっこう、社会、文化,ドロップス/602246体を洗う(腹)(男子).png,assets/images/drop_1207.png
drop_1208,602247,体を洗う(腹)(女子),文化・社会,学校・行事,体を洗う(腹)(女子)、体を洗う、腹、女子、体、洗う、文化・社会、学校・行事、602247、おんな、おなか、からだ、お腹、身体、女性、女、レディース、じょせい、じょし、学校、がっこう、社会、文化,ドロップス/602247体を洗う(腹)(女子).png,assets/images/drop_1208.png
drop_1209,602248,体を洗う(陰部)(男子),文化・社会,学校・行事,体を洗う(陰部)(男子)、体を洗う、陰部、男子、体、洗う、文化・社会、学校・行事、602248、男、おとこ、男性、からだ、身体、だんし、メンズ、だんせい、学校、がっこう、社会、文化,ドロップス/602248体を洗う(陰部)(男子).png,assets/images/drop_1209.png
drop_1210,602249,体を洗う(陰部)(女子),文化・社会,学校・行事,体を洗う(陰部)(女子)、体を洗う、陰部、女子、体、洗う、文化・社会、学校・行事、602249、おんな、からだ、身体、女性、女、レディース、じょせい、じょし、学校、がっこう、社会、文化,ドロップス/602249体を洗う(陰部)(女子).png,assets/images/drop_1210.png
drop_1211,602250,体を洗う(背中1)(男子),文化・社会,学校・行事,体を洗う(背中1)(男子)、体を洗う、背中1、男子、体、洗う、文化・社会、学校・行事、602250、男、おとこ、男性、からだ、身体、だんし、メンズ、だんせい、学校、がっこう、いち、１、一、社会、文化,ドロップス/602250体を洗う(背中1)(男子).png,assets/images/drop_1211.png
drop_1212,602251,体を洗う(背中2)(男子),文化・社会,学校・行事,体を洗う(背中2)(男子)、体を洗う、背中2、男子、体、洗う、文化・社会、学校・行事、602251、男、おとこ、男性、からだ、身体、だんし、メンズ、だんせい、学校、に、がっこう、二、２、社会、文化,ドロップス/602251体を洗う(背中2)(男子).png,assets/images/drop_1212.png
drop_1213,602252,体を洗う(背中1)(女子),文化・社会,学校・行事,体を洗う(背中1)(女子)、体を洗う、背中1、女子、体、洗う、文化・社会、学校・行事、602252、おんな、からだ、身体、女性、女、レディース、じょせい、じょし、学校、がっこう、いち、１、一、社会、文化,ドロップス/602252体を洗う(背中1)(女子).png,assets/images/drop_1213.png
drop_1214,602253,体を洗う(背中2)(女子),文化・社会,学校・行事,体を洗う(背中2)(女子)、体を洗う、背中2、女子、体、洗う、文化・社会、学校・行事、602253、おんな、からだ、身体、女性、女、レディース、じょせい、じょし、学校、に、がっこう、二、２、社会、文化,ドロップス/602253体を洗う(背中2)(女子).png,assets/images/drop_1214.png
drop_1215,602254,体を洗う(尻)(男子),文化・社会,学校・行事,体を洗う(尻)(男子)、体を洗う、尻、男子、体、洗う、文化・社会、学校・行事、602254、男、おとこ、男性、からだ、身体、おしり、だんし、メンズ、だんせい、学校、がっこう、社会、文化,ドロップス/602254体を洗う(尻)(男子).png,assets/images/drop_1215.png
drop_1216,602255,体を洗う(尻)(女子),文化・社会,学校・行事,体を洗う(尻)(女子)、体を洗う、尻、女子、体、洗う、文化・社会、学校・行事、602255、おんな、からだ、身体、女性、おしり、女、レディース、じょせい、じょし、学校、がっこう、社会、文化,ドロップス/602255体を洗う(尻)(女子).png,assets/images/drop_1216.png
drop_1217,602256,体を洗う(右足)(男子),文化・社会,学校・行事,体を洗う(右足)(男子)、体を洗う、右足、男子、体、洗う、文化・社会、学校・行事、602256、男、おとこ、男性、からだ、身体、だんし、メンズ、だんせい、学校、右、みぎ、がっこう、社会、文化,ドロップス/602256体を洗う(右足)(男子).png,assets/images/drop_1217.png
drop_1218,602257,体を洗う(右足)(女子),文化・社会,学校・行事,体を洗う(右足)(女子)、体を洗う、右足、女子、体、洗う、文化・社会、学校・行事、602257、おんな、からだ、身体、女性、女、レディース、じょせい、じょし、学校、がっこう、右、みぎ、社会、文化,ドロップス/602257体を洗う(右足)(女子).png,assets/images/drop_1218.png
drop_1219,602258,体を洗う(左足)(男子),文化・社会,学校・行事,体を洗う(左足)(男子)、体を洗う、左足、男子、体、洗う、文化・社会、学校・行事、602258、男、おとこ、男性、からだ、身体、だんし、メンズ、だんせい、学校、がっこう、左、ひだり、社会、文化,ドロップス/602258体を洗う(左足)(男子).png,assets/images/drop_1219.png
drop_1220,602259,体を洗う(左足)(女子),文化・社会,学校・行事,体を洗う(左足)(女子)、体を洗う、左足、女子、体、洗う、文化・社会、学校・行事、602259、おんな、からだ、身体、女性、女、レディース、じょせい、じょし、学校、がっこう、左、ひだり、社会、文化,ドロップス/602259体を洗う(左足)(女子).png,assets/images/drop_1220.png
drop_1221,602260,体を拭く(男子)(1),文化・社会,学校・行事,体を拭く(男子)(1)、体を拭く、男子、1、体、拭く、文化・社会、学校・行事、602260、男、おとこ、男性、からだ、身体、だんし、メンズ、だんせい、学校、がっこう、いち、一、社会、文化,ドロップス/602260体を拭く(男子)(1).png,assets/images/drop_1221.png
drop_1222,602261,体を拭く(女子)(1),文化・社会,学校・行事,体を拭く(女子)(1)、体を拭く、女子、1、体、拭く、文化・社会、学校・行事、602261、おんな、からだ、身体、女性、女、レディース、じょせい、じょし、学校、がっこう、いち、一、社会、文化,ドロップス/602261体を拭く(女子)(1).png,assets/images/drop_1222.png
drop_1223,602262,プール,文化・社会,学校・行事,プール、文化・社会、学校・行事、602262、水泳、すいえい、学校、がっこう、社会、文化,ドロップス/602262プール.png,assets/images/drop_1223.png
drop_1224,602263,準備体操(半袖半ズボン),文化・社会,学校・行事,準備体操(半袖半ズボン)、準備体操、半袖半ズボン、文化・社会、学校・行事、602263、学校、がっこう、社会、文化,ドロップス/602263準備体操(半袖半ズボン).png,assets/images/drop_1224.png
drop_1225,602264,手工芸(2),文化・社会,学校・行事,手工芸(2)、手工芸、2、文化・社会、学校・行事、602264、に、学校、がっこう、二、社会、文化,ドロップス/602264手工芸(2).png,assets/images/drop_1225.png
drop_1226,602265,藤手芸,文化・社会,学校・行事,藤手芸、文化・社会、学校・行事、602265、学校、がっこう、社会、文化,ドロップス/602265藤手芸.png,assets/images/drop_1226.png
drop_1227,602266,離任式,文化・社会,学校・行事,離任式、文化・社会、学校・行事、602266、学校、がっこう、社会、文化,ドロップス/602266離任式.png,assets/images/drop_1227.png
drop_1228,602267,ペンライト,文化・社会,学校・行事,ペンライト、文化・社会、学校・行事、602267、学校、がっこう、社会、文化,ドロップス/602267ペンライト.png,assets/images/drop_1228.png
drop_1229,602268,診察台から起きる,文化・社会,学校・行事,診察台から起きる、診察台、起きる、文化・社会、学校・行事、602268、起床、おきる、学校、がっこう、社会、文化,ドロップス/602268診察台から起きる.png,assets/images/drop_1229.png
drop_1230,602269,診察用回転椅子から立つ,文化・社会,学校・行事,診察用回転椅子から立つ、診察用回転椅子、立つ、文化・社会、学校・行事、602269、たつ、学校、がっこう、社会、文化,ドロップス/602269診察用回転椅子から立つ.png,assets/images/drop_1230.png
drop_1231,602270,シャワーで流す(男子)(1),文化・社会,学校・行事,シャワーで流す(男子)(1)、シャワーで流す、男子、1、シャワー、流す、文化・社会、学校・行事、602270、男、おとこ、男性、だんし、メンズ、だんせい、学校、がっこう、いち、一、社会、文化,ドロップス/602270シャワーで流す(男子)(1).png,assets/images/drop_1231.png
drop_1232,602271,シャワーで流す(女子)(1),文化・社会,学校・行事,シャワーで流す(女子)(1)、シャワーで流す、女子、1、シャワー、流す、文化・社会、学校・行事、602271、おんな、女性、女、レディース、じょせい、じょし、学校、がっこう、いち、一、社会、文化,ドロップス/602271シャワーで流す(女子)(1).png,assets/images/drop_1232.png
drop_1233,602272,採血の腕を出す,文化・社会,学校・行事,採血の腕を出す、採血、腕、出す、文化・社会、学校・行事、602272、うで、学校、がっこう、社会、文化,ドロップス/602272採血の腕を出す.png,assets/images/drop_1233.png
drop_1234,602273,駆血帯をつける,文化・社会,学校・行事,駆血帯をつける、駆血帯、つける、文化・社会、学校・行事、602273、学校、がっこう、社会、文化,ドロップス/602273駆血帯をつける.png,assets/images/drop_1234.png
drop_1235,602274,注射器を刺す,文化・社会,学校・行事,注射器を刺す、注射器、刺す、文化・社会、学校・行事、602274、学校、がっこう、社会、文化,ドロップス/602274注射器を刺す.png,assets/images/drop_1235.png
drop_1236,602275,採血管を入れる,文化・社会,学校・行事,採血管を入れる、採血管、入れる、文化・社会、学校・行事、602275、学校、がっこう、社会、文化,ドロップス/602275採血管を入れる.png,assets/images/drop_1236.png
drop_1237,602276,注射器を抜く,文化・社会,学校・行事,注射器を抜く、注射器、抜く、文化・社会、学校・行事、602276、学校、がっこう、社会、文化,ドロップス/602276注射器を抜く.png,assets/images/drop_1237.png
drop_1238,602277,駆血帯をはずす,文化・社会,学校・行事,駆血帯をはずす、駆血帯、はずす、文化・社会、学校・行事、602277、学校、がっこう、社会、文化,ドロップス/602277駆血帯をはずす.png,assets/images/drop_1238.png
drop_1239,602278,AED,文化・社会,学校・行事,AED、文化・社会、学校・行事、602278、学校、がっこう、社会、文化,ドロップス/602278AED.png,assets/images/drop_1239.png
drop_1240,602279,機能訓練室,文化・社会,学校・行事,機能訓練室、文化・社会、学校・行事、602279、学校、がっこう、社会、文化,ドロップス/602279機能訓練室.png,assets/images/drop_1240.png
drop_1241,602280,応援合戦(1),文化・社会,学校・行事,応援合戦(1)、応援合戦、1、文化・社会、学校・行事、602280、学校、がっこう、いち、一、社会、文化,ドロップス/602280応援合戦(1).png,assets/images/drop_1241.png
drop_1242,602281,応援合戦(2),文化・社会,学校・行事,応援合戦(2)、応援合戦、2、文化・社会、学校・行事、602281、に、学校、がっこう、二、社会、文化,ドロップス/602281応援合戦(2).png,assets/images/drop_1242.png
drop_1243,602282,診察台に座る(男子),文化・社会,学校・行事,診察台に座る(男子)、診察台に座る、男子、診察台、座る、文化・社会、学校・行事、602282、男、おとこ、男性、すわる、だんし、メンズ、だんせい、学校、がっこう、社会、文化,ドロップス/602282診察台に座る(男子).png,assets/images/drop_1243.png
drop_1244,602283,診察台に座る(女子),文化・社会,学校・行事,診察台に座る(女子)、診察台に座る、女子、診察台、座る、文化・社会、学校・行事、602283、おんな、女性、すわる、女、レディース、じょせい、じょし、学校、がっこう、社会、文化,ドロップス/602283診察台に座る(女子).png,assets/images/drop_1244.png
drop_1245,602284,診察台に座る(靴を脱ぐ)(男子),文化・社会,学校・行事,診察台に座る(靴を脱ぐ)(男子)、診察台に座る、靴を脱ぐ、男子、診察台、座る、文化・社会、学校・行事、602284、男、おとこ、男性、すわる、だんし、メンズ、だんせい、学校、がっこう、社会、文化,ドロップス/602284診察台に座る(靴を脱ぐ)(男子).png,assets/images/drop_1245.png
drop_1246,602285,診察台に座る(靴を脱ぐ)(女子),文化・社会,学校・行事,診察台に座る(靴を脱ぐ)(女子)、診察台に座る、靴を脱ぐ、女子、診察台、座る、文化・社会、学校・行事、602285、おんな、女性、すわる、女、レディース、じょせい、じょし、学校、がっこう、社会、文化,ドロップス/602285診察台に座る(靴を脱ぐ)(女子).png,assets/images/drop_1246.png
drop_1247,602286,心電図(座位),文化・社会,学校・行事,心電図(座位)、心電図、座位、文化・社会、学校・行事、602286、心電図検査、学校、がっこう、社会、文化,ドロップス/602286心電図(座位).png,assets/images/drop_1247.png
drop_1248,602287,ギョウ虫シートをはがす(1),文化・社会,学校・行事,ギョウ虫シートをはがす(1)、ギョウ虫シートをはがす、1、ギョウ虫シート、は、す、文化・社会、学校・行事、602287、歯、学校、がっこう、いち、一、社会、文化,ドロップス/602287ギョウ虫シートをはがす(1).png,assets/images/drop_1248.png
drop_1249,602288,ギョウ虫シートをもどす,文化・社会,学校・行事,ギョウ虫シートをもどす、ギョウ虫シート、もどす、文化・社会、学校・行事、602288、学校、がっこう、社会、文化,ドロップス/602288ギョウ虫シートをもどす.png,assets/images/drop_1249.png
drop_1250,602289,ギョウ虫シートをはがす(2),文化・社会,学校・行事,ギョウ虫シートをはがす(2)、ギョウ虫シートをはがす、2、ギョウ虫シート、は、す、文化・社会、学校・行事、602289、歯、に、学校、がっこう、二、社会、文化,ドロップス/602289ギョウ虫シートをはがす(2).png,assets/images/drop_1250.png
drop_1251,602290,ギョウ虫シートのカバーを取り去る,文化・社会,学校・行事,ギョウ虫シートのカバーを取り去る、ギョウ虫シート、カバー、取り去る、文化・社会、学校・行事、602290、学校、がっこう、社会、文化,ドロップス/602290ギョウ虫シートのカバーを取り去る.png,assets/images/drop_1251.png
drop_1252,602291,ギョウ虫シートを合わせる,文化・社会,学校・行事,ギョウ虫シートを合わせる、ギョウ虫シート、合わせる、文化・社会、学校・行事、602291、学校、がっこう、社会、文化,ドロップス/602291ギョウ虫シートを合わせる.png,assets/images/drop_1252.png
drop_1253,602292,消毒薬(2),文化・社会,学校・行事,消毒薬(2)、消毒薬、2、文化・社会、学校・行事、602292、に、学校、がっこう、二、社会、文化,ドロップス/602292消毒薬(2).png,assets/images/drop_1253.png
drop_1254,602293,消毒薬(3),文化・社会,学校・行事,消毒薬(3)、消毒薬、3、文化・社会、学校・行事、602293、学校、がっこう、三、さん、社会、文化,ドロップス/602293消毒薬(3).png,assets/images/drop_1254.png
drop_1255,602294,エピペン(1),文化・社会,学校・行事,エピペン(1)、エピペン、1、文化・社会、学校・行事、602294、学校、がっこう、いち、一、社会、文化,ドロップス/602294エピペン(1).png,assets/images/drop_1255.png
drop_1256,602295,エピペン(2),文化・社会,学校・行事,エピペン(2)、エピペン、2、文化・社会、学校・行事、602295、に、学校、がっこう、二、社会、文化,ドロップス/602295エピペン(2).png,assets/images/drop_1256.png
drop_1257,602296,エピペンを打つ,文化・社会,学校・行事,エピペンを打つ、エピペン、打つ、文化・社会、学校・行事、602296、学校、がっこう、社会、文化,ドロップス/602296エピペンを打つ.png,assets/images/drop_1257.png
drop_1258,602297,検診車,文化・社会,学校・行事,検診車、文化・社会、学校・行事、602297、学校、がっこう、社会、文化,ドロップス/602297検診車.png,assets/images/drop_1258.png
drop_1259,602298,検診車に乗る,文化・社会,学校・行事,検診車に乗る、検診車、乗る、文化・社会、学校・行事、602298、学校、がっこう、社会、文化,ドロップス/602298検診車に乗る.png,assets/images/drop_1259.png
drop_1260,602299,検診車から降りる,文化・社会,学校・行事,検診車から降りる、検診車、降りる、文化・社会、学校・行事、602299、学校、がっこう、社会、文化,ドロップス/602299検診車から降りる.png,assets/images/drop_1260.png
drop_1261,602300,靴を履く,文化・社会,学校・行事,靴を履く、靴、履く、文化・社会、学校・行事、602300、シューズ、くつ、学校、がっこう、社会、文化,ドロップス/602300靴を履く.png,assets/images/drop_1261.png
drop_1262,602301,靴を脱ぐ,文化・社会,学校・行事,靴を脱ぐ、靴、脱ぐ、文化・社会、学校・行事、602301、ぬぐ、くつ、シューズ、学校、がっこう、社会、文化,ドロップス/602301靴を脱ぐ.png,assets/images/drop_1262.png
drop_1263,602302,服を着る,文化・社会,学校・行事,服を着る、服、着る、文化・社会、学校・行事、602302、きる、学校、がっこう、社会、文化,ドロップス/602302服を着る.png,assets/images/drop_1263.png
drop_1264,602303,服を脱ぐ,文化・社会,学校・行事,服を脱ぐ、服、脱ぐ、文化・社会、学校・行事、602303、ぬぐ、学校、がっこう、社会、文化,ドロップス/602303服を脱ぐ.png,assets/images/drop_1264.png
drop_1265,602304,Tシャツを着る,文化・社会,学校・行事,Tシャツを着る、Tシャツ、着る、文化・社会、学校・行事、602304、きる、学校、がっこう、社会、文化,ドロップス/602304Tシャツを着る.png,assets/images/drop_1265.png
drop_1266,602305,Tシャツを脱ぐ,文化・社会,学校・行事,Tシャツを脱ぐ、Tシャツ、脱ぐ、文化・社会、学校・行事、602305、ぬぐ、学校、がっこう、社会、文化,ドロップス/602305Tシャツを脱ぐ.png,assets/images/drop_1266.png
drop_1267,602306,検査着を着る(1),文化・社会,学校・行事,検査着を着る(1)、検査着を着る、1、検査着、着る、文化・社会、学校・行事、602306、きる、学校、がっこう、いち、一、社会、文化,ドロップス/602306検査着を着る(1).png,assets/images/drop_1267.png
drop_1268,602307,検査着を着る(2),文化・社会,学校・行事,検査着を着る(2)、検査着を着る、2、検査着、着る、文化・社会、学校・行事、602307、きる、に、学校、がっこう、二、社会、文化,ドロップス/602307検査着を着る(2) .png,assets/images/drop_1268.png
drop_1269,602308,検査着を脱ぐ,文化・社会,学校・行事,検査着を脱ぐ、検査着、脱ぐ、文化・社会、学校・行事、602308、ぬぐ、学校、がっこう、社会、文化,ドロップス/602308検査着を脱ぐ.png,assets/images/drop_1269.png
drop_1270,602309,肩枕で診察台に寝る(男子),文化・社会,学校・行事,肩枕で診察台に寝る(男子)、肩枕で診察台に寝る、男子、肩枕、診察台、寝る、文化・社会、学校・行事、602309、男、おとこ、男性、就寝、だんし、メンズ、ねる、だんせい、学校、がっこう、社会、文化,ドロップス/602309肩枕で診察台に寝る(男子).png,assets/images/drop_1270.png
drop_1271,602310,首を出して寝る(男子),文化・社会,学校・行事,首を出して寝る(男子)、首を出して寝る、男子、首、出して寝る、文化・社会、学校・行事、602310、男、おとこ、男性、くび、だんし、メンズ、だんせい、学校、がっこう、社会、文化,ドロップス/602310首を出して寝る(男子).png,assets/images/drop_1271.png
drop_1272,602311,首を出す(男子),文化・社会,学校・行事,首を出す(男子)、首を出す、男子、首、出す、文化・社会、学校・行事、602311、男、おとこ、男性、くび、だんし、メンズ、だんせい、学校、がっこう、社会、文化,ドロップス/602311首を出す(男子).png,assets/images/drop_1272.png
drop_1273,602312,甲状腺超音波検査ティッシュで拭く(男子),文化・社会,学校・行事,甲状腺超音波検査ティッシュで拭く(男子)、甲状腺超音波検査ティッシュで拭く、男子、甲状腺超音波検査ティッシュ、拭く、文化・社会、学校・行事、602312、男、おとこ、男性、だんし、メンズ、だんせい、学校、がっこう、社会、文化,ドロップス/602312甲状腺超音波検査ティッシュで拭く(男子).png,assets/images/drop_1273.png
drop_1274,602313,甲状腺超音波検査(男子),文化・社会,学校・行事,甲状腺超音波検査(男子)、甲状腺超音波検査、男子、文化・社会、学校・行事、602313、男、おとこ、男性、だんし、メンズ、だんせい、学校、がっこう、社会、文化,ドロップス/602313甲状腺超音波検査(男子).png,assets/images/drop_1274.png
drop_1275,602314,ホールボディカウンター(座位),文化・社会,学校・行事,ホールボディカウンター(座位)、ホールボディカウンター、座位、文化・社会、学校・行事、602314、学校、がっこう、社会、文化,ドロップス/602314ホールボディカウンター(座位).png,assets/images/drop_1275.png
drop_1276,602315,ホールボディカウンター(立位),文化・社会,学校・行事,ホールボディカウンター(立位)、ホールボディカウンター、立位、文化・社会、学校・行事、602315、学校、がっこう、社会、文化,ドロップス/602315ホールボディカウンター(立位).png,assets/images/drop_1276.png
drop_1277,603001,音楽,文化・社会,遊び・スポーツ・文化,音楽、文化・社会、遊び・スポーツ・文化、603001、おんがく、あそび、スポーツ、活動、学校、社会、文化,ドロップス/603001音楽.gif,assets/images/drop_1277.gif
drop_1278,603002,野球,文化・社会,遊び・スポーツ・文化,野球、文化・社会、遊び・スポーツ・文化、603002、野球ボール、やきゅう、あそび、スポーツ、活動、学校、社会、文化,ドロップス/603002野球.gif,assets/images/drop_1278.gif
drop_1279,603003,ゲートボール,文化・社会,遊び・スポーツ・文化,ゲートボール、文化・社会、遊び・スポーツ・文化、603003、あそび、スポーツ、活動、学校、社会、文化,ドロップス/603003ゲートボール.gif,assets/images/drop_1279.gif
drop_1280,603005,グー(じゃんけん),文化・社会,遊び・スポーツ・文化,グー(じゃんけん)、グー、じゃんけん、文化・社会、遊び・スポーツ・文化、603005、パー、チョキ、あそび、スポーツ、活動、学校、社会、文化,ドロップス/603005グー(じゃんけん).gif,assets/images/drop_1280.gif
drop_1281,603006,チョキ(じゃんけん),文化・社会,遊び・スポーツ・文化,チョキ(じゃんけん)、チョキ、じゃんけん、文化・社会、遊び・スポーツ・文化、603006、パー、グー、あそび、スポーツ、活動、学校、社会、文化,ドロップス/603006チョキ(じゃんけん).gif,assets/images/drop_1281.gif
drop_1282,603007,パー(じゃんけん),文化・社会,遊び・スポーツ・文化,パー(じゃんけん)、パー、じゃんけん、文化・社会、遊び・スポーツ・文化、603007、チョキ、グー、あそび、スポーツ、活動、学校、社会、文化,ドロップス/603007パー(じゃんけん).gif,assets/images/drop_1282.gif
drop_1283,603008,マラソン(1),文化・社会,遊び・スポーツ・文化,マラソン(1)、マラソン、1、文化・社会、遊び・スポーツ・文化、603008、走る、いち、活動、あそび、スポーツ、一、学校、社会、文化,ドロップス/603008マラソン(1).gif,assets/images/drop_1283.gif
drop_1284,603009,マラソン(2),文化・社会,遊び・スポーツ・文化,マラソン(2)、マラソン、2、文化・社会、遊び・スポーツ・文化、603009、走る、に、二、活動、あそび、スポーツ、学校、社会、文化,ドロップス/603009マラソン(2).gif,assets/images/drop_1284.gif
drop_1285,603010,水泳(1),文化・社会,遊び・スポーツ・文化,水泳(1)、水泳、1、文化・社会、遊び・スポーツ・文化、603010、すいえい、プール、いち、活動、あそび、スポーツ、一、学校、社会、文化,ドロップス/603010水泳(1).gif,assets/images/drop_1285.gif
drop_1286,603026,テニス,文化・社会,遊び・スポーツ・文化,テニス、文化・社会、遊び・スポーツ・文化、603026、あそび、スポーツ、活動、学校、社会、文化,ドロップス/603026テニス.png,assets/images/drop_1286.png
drop_1287,603027,ゴルフ,文化・社会,遊び・スポーツ・文化,ゴルフ、文化・社会、遊び・スポーツ・文化、603027、あそび、スポーツ、活動、学校、社会、文化,ドロップス/603027ゴルフ.png,assets/images/drop_1287.png
drop_1288,603028,水泳(2),文化・社会,遊び・スポーツ・文化,水泳(2)、水泳、2、文化・社会、遊び・スポーツ・文化、603028、すいえい、プール、に、二、活動、あそび、スポーツ、学校、社会、文化,ドロップス/603028水泳(2).png,assets/images/drop_1288.png
drop_1289,603029,散歩,文化・社会,遊び・スポーツ・文化,散歩、文化・社会、遊び・スポーツ・文化、603029、さんぽ、あそび、スポーツ、活動、学校、社会、文化,ドロップス/603029散歩.png,assets/images/drop_1289.png
drop_1290,603030,自転車に乗る(1),文化・社会,遊び・スポーツ・文化,自転車に乗る(1)、自転車に乗る、1、自転車、乗る、文化・社会、遊び・スポーツ・文化、603030、じてんしゃ、チャリ、いち、活動、あそび、スポーツ、一、学校、社会、文化,ドロップス/603030自転車に乗る(1).png,assets/images/drop_1290.png
drop_1291,603031,自転車に乗る(2),文化・社会,遊び・スポーツ・文化,自転車に乗る(2)、自転車に乗る、2、自転車、乗る、文化・社会、遊び・スポーツ・文化、603031、じてんしゃ、チャリ、に、二、活動、あそび、スポーツ、学校、社会、文化,ドロップス/603031自転車に乗る(2).png,assets/images/drop_1291.png
drop_1292,603032,馬に乗る,文化・社会,遊び・スポーツ・文化,馬に乗る、馬、乗る、文化・社会、遊び・スポーツ・文化、603032、あそび、スポーツ、活動、学校、社会、文化,ドロップス/603032馬に乗る.png,assets/images/drop_1292.png
drop_1293,603033,跳び箱を跳ぶ(1),文化・社会,遊び・スポーツ・文化,跳び箱を跳ぶ(1)、跳び箱を跳ぶ、1、跳び箱、跳ぶ、文化・社会、遊び・スポーツ・文化、603033、いち、活動、あそび、スポーツ、一、学校、社会、文化,ドロップス/603033跳び箱を跳ぶ(1).png,assets/images/drop_1293.png
drop_1294,603034,跳び箱を跳ぶ(2),文化・社会,遊び・スポーツ・文化,跳び箱を跳ぶ(2)、跳び箱を跳ぶ、2、跳び箱、跳ぶ、文化・社会、遊び・スポーツ・文化、603034、に、二、活動、あそび、スポーツ、学校、社会、文化,ドロップス/603034跳び箱を跳ぶ(2).png,assets/images/drop_1294.png
drop_1295,603035,フラフープを回す,文化・社会,遊び・スポーツ・文化,フラフープを回す、フラフープ、回す、文化・社会、遊び・スポーツ・文化、603035、あそび、スポーツ、活動、学校、社会、文化,ドロップス/603035フラフープを回す.png,assets/images/drop_1295.png
drop_1296,603036,餅つき(2),文化・社会,遊び・スポーツ・文化,餅つき(2)、餅つき、2、文化・社会、遊び・スポーツ・文化、603036、もちつき、に、二、活動、あそび、スポーツ、学校、社会、文化,ドロップス/603036餅つき(2).png,assets/images/drop_1296.png
drop_1297,603037,外で弁当を食べる,文化・社会,遊び・スポーツ・文化,外で弁当を食べる、外、弁当、食べる、文化・社会、遊び・スポーツ・文化、603037、食事、たべる、あそび、スポーツ、活動、学校、社会、文化,ドロップス/603037外で弁当を食べる.png,assets/images/drop_1297.png
drop_1298,603038,キャンプ,文化・社会,遊び・スポーツ・文化,キャンプ、文化・社会、遊び・スポーツ・文化、603038、あそび、スポーツ、活動、学校、社会、文化,ドロップス/603038キャンプ.png,assets/images/drop_1298.png
drop_1299,603039,たき火,文化・社会,遊び・スポーツ・文化,たき火、文化・社会、遊び・スポーツ・文化、603039、あそび、スポーツ、活動、学校、社会、文化,ドロップス/603039たき火.png,assets/images/drop_1299.png
drop_1300,603040,焼きいも,文化・社会,遊び・スポーツ・文化,焼きいも、文化・社会、遊び・スポーツ・文化、603040、あそび、スポーツ、活動、学校、社会、文化,ドロップス/603040焼きいも.png,assets/images/drop_1300.png
drop_1301,603041,マシュマロ焼き,文化・社会,遊び・スポーツ・文化,マシュマロ焼き、文化・社会、遊び・スポーツ・文化、603041、あそび、スポーツ、活動、学校、社会、文化,ドロップス/603041マシュマロ焼き.png,assets/images/drop_1301.png
drop_1302,603042,釣り,文化・社会,遊び・スポーツ・文化,釣り、文化・社会、遊び・スポーツ・文化、603042、あそび、スポーツ、活動、学校、社会、文化,ドロップス/603042釣り.png,assets/images/drop_1302.png
drop_1303,603043,カラオケ(2),文化・社会,遊び・スポーツ・文化,カラオケ(2)、カラオケ、2、文化・社会、遊び・スポーツ・文化、603043、に、二、活動、あそび、スポーツ、学校、社会、文化,ドロップス/603043カラオケ(2).png,assets/images/drop_1303.png
drop_1304,603044,お祭り(昼),文化・社会,遊び・スポーツ・文化,お祭り(昼)、お祭り、昼、文化・社会、遊び・スポーツ・文化、603044、ひる、あそび、スポーツ、活動、学校、社会、文化,ドロップス/603044お祭り(昼).png,assets/images/drop_1304.png
drop_1305,603045,お祭り(夜),文化・社会,遊び・スポーツ・文化,お祭り(夜)、お祭り、夜、文化・社会、遊び・スポーツ・文化、603045、あそび、スポーツ、活動、学校、社会、文化,ドロップス/603045お祭り(夜).png,assets/images/drop_1305.png
drop_1306,603046,やぐら(昼),文化・社会,遊び・スポーツ・文化,やぐら(昼)、やぐら、昼、ぐら、文化・社会、遊び・スポーツ・文化、603046、ひる、あそび、スポーツ、活動、学校、社会、文化,ドロップス/603046やぐら(昼).png,assets/images/drop_1306.png
drop_1307,603047,やぐら(夜),文化・社会,遊び・スポーツ・文化,やぐら(夜)、やぐら、夜、ぐら、文化・社会、遊び・スポーツ・文化、603047、あそび、スポーツ、活動、学校、社会、文化,ドロップス/603047やぐら(夜).png,assets/images/drop_1307.png
drop_1308,603048,露店(1),文化・社会,遊び・スポーツ・文化,露店(1)、露店、1、文化・社会、遊び・スポーツ・文化、603048、いち、活動、あそび、スポーツ、一、学校、社会、文化,ドロップス/603048露店(1).png,assets/images/drop_1308.png
drop_1309,603049,露店(2),文化・社会,遊び・スポーツ・文化,露店(2)、露店、2、文化・社会、遊び・スポーツ・文化、603049、に、二、活動、あそび、スポーツ、学校、社会、文化,ドロップス/603049露店(2).png,assets/images/drop_1309.png
drop_1310,603050,金魚すくい,文化・社会,遊び・スポーツ・文化,金魚すくい、文化・社会、遊び・スポーツ・文化、603050、あそび、スポーツ、活動、学校、社会、文化,ドロップス/603050金魚すくい.png,assets/images/drop_1310.png
drop_1311,603051,スーパーボールすくい,文化・社会,遊び・スポーツ・文化,スーパーボールすくい、文化・社会、遊び・スポーツ・文化、603051、あそび、スポーツ、活動、学校、社会、文化,ドロップス/603051スーパーボールすくい.png,assets/images/drop_1311.png
drop_1312,603052,バザー,文化・社会,遊び・スポーツ・文化,バザー、文化・社会、遊び・スポーツ・文化、603052、あそび、スポーツ、活動、学校、社会、文化,ドロップス/603052バザー.png,assets/images/drop_1312.png
drop_1313,603053,バザー品,文化・社会,遊び・スポーツ・文化,バザー品、文化・社会、遊び・スポーツ・文化、603053、あそび、スポーツ、活動、学校、社会、文化,ドロップス/603053バザー品.png,assets/images/drop_1313.png
drop_1314,603054,いも掘り,文化・社会,遊び・スポーツ・文化,いも掘り、文化・社会、遊び・スポーツ・文化、603054、あそび、スポーツ、活動、学校、社会、文化,ドロップス/603054いも掘り.png,assets/images/drop_1314.png
drop_1315,603055,旅,文化・社会,遊び・スポーツ・文化,旅、文化・社会、遊び・スポーツ・文化、603055、あそび、スポーツ、活動、学校、社会、文化,ドロップス/603055旅.png,assets/images/drop_1315.png
drop_1316,603056,趣味,文化・社会,遊び・スポーツ・文化,趣味、文化・社会、遊び・スポーツ・文化、603056、あそび、スポーツ、活動、学校、社会、文化,ドロップス/603056趣味.png,assets/images/drop_1316.png
drop_1317,603057,乾杯,文化・社会,遊び・スポーツ・文化,乾杯、文化・社会、遊び・スポーツ・文化、603057、あそび、スポーツ、活動、学校、社会、文化,ドロップス/603057乾杯.png,assets/images/drop_1317.png
drop_1318,603058,割り勘,文化・社会,遊び・スポーツ・文化,割り勘、文化・社会、遊び・スポーツ・文化、603058、あそび、スポーツ、活動、学校、社会、文化,ドロップス/603058割り勘.png,assets/images/drop_1318.png
drop_1319,603059,締め,文化・社会,遊び・スポーツ・文化,締め、文化・社会、遊び・スポーツ・文化、603059、あそび、スポーツ、活動、学校、社会、文化,ドロップス/603059締め.png,assets/images/drop_1319.png
drop_1320,603060,二次会,文化・社会,遊び・スポーツ・文化,二次会、文化・社会、遊び・スポーツ・文化、603060、あそび、スポーツ、活動、学校、社会、文化,ドロップス/603060二次会.png,assets/images/drop_1320.png
drop_1321,603061,バスケットボール,文化・社会,遊び・スポーツ・文化,バスケットボール、文化・社会、遊び・スポーツ・文化、603061、あそび、スポーツ、活動、学校、社会、文化,ドロップス/603061バスケットボール.png,assets/images/drop_1321.png
drop_1322,603062,ボウリング,文化・社会,遊び・スポーツ・文化,ボウリング、文化・社会、遊び・スポーツ・文化、603062、あそび、スポーツ、活動、学校、社会、文化,ドロップス/603062ボウリング.png,assets/images/drop_1322.png
drop_1323,603063,一輪車に乗る(1),文化・社会,遊び・スポーツ・文化,一輪車に乗る(1)、一輪車に乗る、1、一輪車、乗る、文化・社会、遊び・スポーツ・文化、603063、いちりんしゃ、いち、活動、あそび、スポーツ、一、学校、社会、文化,ドロップス/603063一輪車に乗る(1).png,assets/images/drop_1323.png
drop_1324,603064,一輪車に乗る(2),文化・社会,遊び・スポーツ・文化,一輪車に乗る(2)、一輪車に乗る、2、一輪車、乗る、文化・社会、遊び・スポーツ・文化、603064、いちりんしゃ、に、二、活動、あそび、スポーツ、学校、社会、文化,ドロップス/603064一輪車に乗る(2).png,assets/images/drop_1324.png
drop_1325,603065,マット運動,文化・社会,遊び・スポーツ・文化,マット運動、文化・社会、遊び・スポーツ・文化、603065、あそび、スポーツ、活動、学校、社会、文化,ドロップス/603065マット運動.png,assets/images/drop_1325.png
drop_1326,603066,平均台を渡る,文化・社会,遊び・スポーツ・文化,平均台を渡る、平均台、渡る、文化・社会、遊び・スポーツ・文化、603066、あそび、スポーツ、活動、学校、社会、文化,ドロップス/603066平均台を渡る.png,assets/images/drop_1326.png
drop_1327,603067,エアトランポリン,文化・社会,遊び・スポーツ・文化,エアトランポリン、文化・社会、遊び・スポーツ・文化、603067、あそび、スポーツ、活動、学校、社会、文化,ドロップス/603067エアトランポリン.png,assets/images/drop_1327.png
drop_1328,603068,ジャングルジム,文化・社会,遊び・スポーツ・文化,ジャングルジム、文化・社会、遊び・スポーツ・文化、603068、あそび、スポーツ、活動、学校、社会、文化,ドロップス/603068ジャングルジム.png,assets/images/drop_1328.png
drop_1329,603069,パラシュートバルーン,文化・社会,遊び・スポーツ・文化,パラシュートバルーン、文化・社会、遊び・スポーツ・文化、603069、あそび、スポーツ、活動、学校、社会、文化,ドロップス/603069パラシュートバルーン.png,assets/images/drop_1329.png
drop_1330,603070,鉄棒遊び,文化・社会,遊び・スポーツ・文化,鉄棒遊び、文化・社会、遊び・スポーツ・文化、603070、あそび、スポーツ、活動、学校、社会、文化,ドロップス/603070鉄棒遊び.png,assets/images/drop_1330.png
drop_1331,603071,コーンの間を走る,文化・社会,遊び・スポーツ・文化,コーンの間を走る、コーン、間、走る、文化・社会、遊び・スポーツ・文化、603071、はしる、マラソン、あそび、スポーツ、活動、学校、社会、文化,ドロップス/603071コーンの間を走る.png,assets/images/drop_1331.png
drop_1332,603072,フラフープ跳び,文化・社会,遊び・スポーツ・文化,フラフープ跳び、文化・社会、遊び・スポーツ・文化、603072、あそび、スポーツ、活動、学校、社会、文化,ドロップス/603072フラフープ跳び.png,assets/images/drop_1332.png
drop_1333,603073,のぼり棒,文化・社会,遊び・スポーツ・文化,のぼり棒、ぼり棒、文化・社会、遊び・スポーツ・文化、603073、あそび、スポーツ、活動、学校、社会、文化,ドロップス/603073のぼり棒.png,assets/images/drop_1333.png
drop_1334,603074,ゴム跳び,文化・社会,遊び・スポーツ・文化,ゴム跳び、文化・社会、遊び・スポーツ・文化、603074、あそび、スポーツ、活動、学校、社会、文化,ドロップス/603074ゴム跳び.png,assets/images/drop_1334.png
drop_1335,603075,タイヤ跳び(1),文化・社会,遊び・スポーツ・文化,タイヤ跳び(1)、タイヤ跳び、1、文化・社会、遊び・スポーツ・文化、603075、いち、活動、あそび、スポーツ、一、学校、社会、文化,ドロップス/603075タイヤ跳び(1).png,assets/images/drop_1335.png
drop_1336,603076,タイヤ跳び(2),文化・社会,遊び・スポーツ・文化,タイヤ跳び(2)、タイヤ跳び、2、文化・社会、遊び・スポーツ・文化、603076、に、二、活動、あそび、スポーツ、学校、社会、文化,ドロップス/603076タイヤ跳び(2).png,assets/images/drop_1336.png
drop_1337,603077,ブランコを押す,文化・社会,遊び・スポーツ・文化,ブランコを押す、ブランコ、押す、文化・社会、遊び・スポーツ・文化、603077、あそび、スポーツ、活動、学校、社会、文化,ドロップス/603077ブランコを押す.png,assets/images/drop_1337.png
drop_1338,603078,ブランコを押す(強く),文化・社会,遊び・スポーツ・文化,ブランコを押す(強く)、ブランコを押す、強く、ブランコ、押す、文化・社会、遊び・スポーツ・文化、603078、あそび、スポーツ、活動、学校、社会、文化,ドロップス/603078ブランコを押す(強く).png,assets/images/drop_1338.png
drop_1339,603079,粘土工作,文化・社会,遊び・スポーツ・文化,粘土工作、文化・社会、遊び・スポーツ・文化、603079、あそび、スポーツ、活動、学校、社会、文化,ドロップス/603079粘土工作.png,assets/images/drop_1339.png
drop_1340,603080,かくれんぼ,文化・社会,遊び・スポーツ・文化,かくれんぼ、文化・社会、遊び・スポーツ・文化、603080、あそび、スポーツ、活動、学校、社会、文化,ドロップス/603080かくれんぼ.png,assets/images/drop_1340.png
drop_1341,603081,砂場で遊ぶ,文化・社会,遊び・スポーツ・文化,砂場で遊ぶ、砂場、遊ぶ、文化・社会、遊び・スポーツ・文化、603081、あそぶ、あそび、スポーツ、活動、学校、社会、文化,ドロップス/603081砂場で遊ぶ.png,assets/images/drop_1341.png
drop_1342,603082,花火,文化・社会,遊び・スポーツ・文化,花火、文化・社会、遊び・スポーツ・文化、603082、あそび、スポーツ、活動、学校、社会、文化,ドロップス/603082花火.png,assets/images/drop_1342.png
drop_1343,603083,太鼓をたたく,文化・社会,遊び・スポーツ・文化,太鼓をたたく、太鼓、たたく、文化・社会、遊び・スポーツ・文化、603083、あそび、スポーツ、活動、学校、社会、文化,ドロップス/603083太鼓をたたく.png,assets/images/drop_1343.png
drop_1344,603084,エイサー,文化・社会,遊び・スポーツ・文化,エイサー、文化・社会、遊び・スポーツ・文化、603084、あそび、スポーツ、活動、学校、社会、文化,ドロップス/603084エイサー.png,assets/images/drop_1344.png
drop_1345,604001,新聞,文化・社会,社会・都道府県・数字,新聞、文化・社会、社会・都道府県・数字、604001、しんぶん、数字、社会、すうじ、学校、文化,ドロップス/604001新聞.gif,assets/images/drop_1345.gif
drop_1346,604002,ニュース,文化・社会,社会・都道府県・数字,ニュース、文化・社会、社会・都道府県・数字、604002、数字、社会、すうじ、学校、文化,ドロップス/604002ニュース.gif,assets/images/drop_1346.gif
drop_1347,604004,0,文化・社会,社会・都道府県・数字,0、文化・社会、社会・都道府県・数字、604004、数字、零、すうじ、ゼロ、社会、れい、学校、文化,ドロップス/604004０.gif,assets/images/drop_1347.gif
drop_1348,604005,1,文化・社会,社会・都道府県・数字,1、文化・社会、社会・都道府県・数字、604005、数字、すうじ、社会、いち、一、学校、文化,ドロップス/604005１.gif,assets/images/drop_1348.gif
drop_1349,604006,2,文化・社会,社会・都道府県・数字,2、文化・社会、社会・都道府県・数字、604006、に、数字、すうじ、二、社会、学校、文化,ドロップス/604006２.gif,assets/images/drop_1349.gif
drop_1350,604007,3,文化・社会,社会・都道府県・数字,3、文化・社会、社会・都道府県・数字、604007、数字、すうじ、社会、三、さん、学校、文化,ドロップス/604007３.gif,assets/images/drop_1350.gif
drop_1351,604008,4,文化・社会,社会・都道府県・数字,4、文化・社会、社会・都道府県・数字、604008、数字、すうじ、社会、四、よん、し、学校、文化,ドロップス/604008４.gif,assets/images/drop_1351.gif
drop_1352,604009,5,文化・社会,社会・都道府県・数字,5、文化・社会、社会・都道府県・数字、604009、数字、すうじ、五、社会、ご、学校、文化,ドロップス/604009５.gif,assets/images/drop_1352.gif
drop_1353,604010,6,文化・社会,社会・都道府県・数字,6、文化・社会、社会・都道府県・数字、604010、数字、すうじ、ろく、社会、六、学校、文化,ドロップス/604010６.gif,assets/images/drop_1353.gif
drop_1354,604011,7,文化・社会,社会・都道府県・数字,7、文化・社会、社会・都道府県・数字、604011、数字、すうじ、しち、社会、なな、七、学校、文化,ドロップス/604011７.gif,assets/images/drop_1354.gif
drop_1355,604012,8,文化・社会,社会・都道府県・数字,8、文化・社会、社会・都道府県・数字、604012、数字、八、すうじ、社会、はち、学校、文化,ドロップス/604012８.gif,assets/images/drop_1355.gif
drop_1356,604013,9,文化・社会,社会・都道府県・数字,9、文化・社会、社会・都道府県・数字、604013、数字、すうじ、く、社会、きゅう、九、学校、文化,ドロップス/604013９.gif,assets/images/drop_1356.gif
drop_1357,604014１,0,文化・社会,社会・都道府県・数字,0、文化・社会、社会・都道府県・数字、604014１、数字、零、すうじ、ゼロ、社会、れい、学校、文化,ドロップス/604014１０.gif,assets/images/drop_1357.gif
drop_1358,604015２,0,文化・社会,社会・都道府県・数字,0、文化・社会、社会・都道府県・数字、604015２、数字、零、すうじ、ゼロ、社会、れい、学校、文化,ドロップス/604015２０.gif,assets/images/drop_1358.gif
drop_1359,604016３,0,文化・社会,社会・都道府県・数字,0、文化・社会、社会・都道府県・数字、604016３、数字、零、すうじ、ゼロ、社会、れい、学校、文化,ドロップス/604016３０.gif,assets/images/drop_1359.gif
drop_1360,604017４,0,文化・社会,社会・都道府県・数字,0、文化・社会、社会・都道府県・数字、604017４、数字、零、すうじ、ゼロ、社会、れい、学校、文化,ドロップス/604017４０.gif,assets/images/drop_1360.gif
drop_1361,604018５,0,文化・社会,社会・都道府県・数字,0、文化・社会、社会・都道府県・数字、604018５、数字、零、すうじ、ゼロ、社会、れい、学校、文化,ドロップス/604018５０.gif,assets/images/drop_1361.gif
drop_1362,604019６,0,文化・社会,社会・都道府県・数字,0、文化・社会、社会・都道府県・数字、604019６、数字、零、すうじ、ゼロ、社会、れい、学校、文化,ドロップス/604019６０.gif,assets/images/drop_1362.gif
drop_1363,604020７,0,文化・社会,社会・都道府県・数字,0、文化・社会、社会・都道府県・数字、604020７、数字、零、すうじ、ゼロ、社会、れい、学校、文化,ドロップス/604020７０.gif,assets/images/drop_1363.gif
drop_1364,604021８,0,文化・社会,社会・都道府県・数字,0、文化・社会、社会・都道府県・数字、604021８、数字、零、すうじ、ゼロ、社会、れい、学校、文化,ドロップス/604021８０.gif,assets/images/drop_1364.gif
drop_1365,604022９,0,文化・社会,社会・都道府県・数字,0、文化・社会、社会・都道府県・数字、604022９、数字、零、すうじ、ゼロ、社会、れい、学校、文化,ドロップス/604022９０.gif,assets/images/drop_1365.gif
drop_1366,604023１０,0,文化・社会,社会・都道府県・数字,0、文化・社会、社会・都道府県・数字、604023１０、数字、零、すうじ、ゼロ、社会、れい、学校、文化,ドロップス/604023１００.gif,assets/images/drop_1366.gif
drop_1367,604024１００,0,文化・社会,社会・都道府県・数字,0、文化・社会、社会・都道府県・数字、604024１００、数字、零、すうじ、ゼロ、社会、れい、学校、文化,ドロップス/604024１０００.gif,assets/images/drop_1367.gif
drop_1368,604025,午前,文化・社会,社会・都道府県・数字,午前、文化・社会、社会・都道府県・数字、604025、数字、まえ、すうじ、社会、前、学校、文化,ドロップス/604025午前.gif,assets/images/drop_1368.gif
drop_1369,604026,午後,文化・社会,社会・都道府県・数字,午後、文化・社会、社会・都道府県・数字、604026、数字、後ろ、すうじ、社会、うしろ、学校、文化,ドロップス/604026午後.gif,assets/images/drop_1369.gif
drop_1370,604027１,時,文化・社会,社会・都道府県・数字,時、文化・社会、社会・都道府県・数字、604027１、数字、社会、すうじ、学校、文化,ドロップス/604027１時.gif,assets/images/drop_1370.gif
drop_1371,604028２,時,文化・社会,社会・都道府県・数字,時、文化・社会、社会・都道府県・数字、604028２、数字、社会、すうじ、学校、文化,ドロップス/604028２時.gif,assets/images/drop_1371.gif
drop_1372,604029３,時,文化・社会,社会・都道府県・数字,時、文化・社会、社会・都道府県・数字、604029３、数字、社会、すうじ、学校、文化,ドロップス/604029３時.gif,assets/images/drop_1372.gif
drop_1373,604030４,時,文化・社会,社会・都道府県・数字,時、文化・社会、社会・都道府県・数字、604030４、数字、社会、すうじ、学校、文化,ドロップス/604030４時.gif,assets/images/drop_1373.gif
drop_1374,604031５,時,文化・社会,社会・都道府県・数字,時、文化・社会、社会・都道府県・数字、604031５、数字、社会、すうじ、学校、文化,ドロップス/604031５時.gif,assets/images/drop_1374.gif
drop_1375,604032６,時,文化・社会,社会・都道府県・数字,時、文化・社会、社会・都道府県・数字、604032６、数字、社会、すうじ、学校、文化,ドロップス/604032６時.gif,assets/images/drop_1375.gif
drop_1376,604033７,時,文化・社会,社会・都道府県・数字,時、文化・社会、社会・都道府県・数字、604033７、数字、社会、すうじ、学校、文化,ドロップス/604033７時.gif,assets/images/drop_1376.gif
drop_1377,604034８,時,文化・社会,社会・都道府県・数字,時、文化・社会、社会・都道府県・数字、604034８、数字、社会、すうじ、学校、文化,ドロップス/604034８時.gif,assets/images/drop_1377.gif
drop_1378,604035９,時,文化・社会,社会・都道府県・数字,時、文化・社会、社会・都道府県・数字、604035９、数字、社会、すうじ、学校、文化,ドロップス/604035９時.gif,assets/images/drop_1378.gif
drop_1379,604036１０,時,文化・社会,社会・都道府県・数字,時、文化・社会、社会・都道府県・数字、604036１０、数字、社会、すうじ、学校、文化,ドロップス/604036１０時.gif,assets/images/drop_1379.gif
drop_1380,604037１１,時,文化・社会,社会・都道府県・数字,時、文化・社会、社会・都道府県・数字、604037１１、数字、社会、すうじ、学校、文化,ドロップス/604037１１時.gif,assets/images/drop_1380.gif
drop_1381,604038１２,時,文化・社会,社会・都道府県・数字,時、文化・社会、社会・都道府県・数字、604038１２、数字、社会、すうじ、学校、文化,ドロップス/604038１２時.gif,assets/images/drop_1381.gif
drop_1382,604039,日本,文化・社会,社会・都道府県・数字,日本、文化・社会、社会・都道府県・数字、604039、にっぽん、にほん、数字、社会、すうじ、学校、文化,ドロップス/604039日本.gif,assets/images/drop_1382.gif
drop_1383,604043,九州地方,文化・社会,社会・都道府県・数字,九州地方、文化・社会、社会・都道府県・数字、604043、数字、社会、すうじ、学校、文化,ドロップス/604043九州地方.png,assets/images/drop_1383.png
drop_1384,604044,長野県,文化・社会,社会・都道府県・数字,長野県、文化・社会、社会・都道府県・数字、604044、数字、社会、すうじ、学校、文化,ドロップス/604044長野県.gif,assets/images/drop_1384.gif
drop_1385,604051,手話(2),文化・社会,社会・都道府県・数字,手話(2)、手話、2、文化・社会、社会・都道府県・数字、604051、に、数字、すうじ、二、社会、学校、文化,ドロップス/604051手話(2).png,assets/images/drop_1385.png
drop_1386,604052,電子メール,文化・社会,社会・都道府県・数字,電子メール、文化・社会、社会・都道府県・数字、604052、数字、社会、すうじ、学校、文化,ドロップス/604052電子メール.png,assets/images/drop_1386.png
drop_1387,604053,福岡県,文化・社会,社会・都道府県・数字,福岡県、文化・社会、社会・都道府県・数字、604053、数字、社会、すうじ、学校、文化,ドロップス/604053福岡県.png,assets/images/drop_1387.png
drop_1388,604054,佐賀県,文化・社会,社会・都道府県・数字,佐賀県、文化・社会、社会・都道府県・数字、604054、数字、社会、すうじ、学校、文化,ドロップス/604054佐賀県.png,assets/images/drop_1388.png
drop_1389,604055,長崎県,文化・社会,社会・都道府県・数字,長崎県、文化・社会、社会・都道府県・数字、604055、数字、社会、すうじ、学校、文化,ドロップス/604055長崎県.png,assets/images/drop_1389.png
drop_1390,604056,熊本県,文化・社会,社会・都道府県・数字,熊本県、文化・社会、社会・都道府県・数字、604056、数字、社会、すうじ、学校、文化,ドロップス/604056熊本県.png,assets/images/drop_1390.png
drop_1391,604057,大分県,文化・社会,社会・都道府県・数字,大分県、文化・社会、社会・都道府県・数字、604057、数字、社会、すうじ、学校、文化,ドロップス/604057大分県.png,assets/images/drop_1391.png
drop_1392,604058,宮崎県,文化・社会,社会・都道府県・数字,宮崎県、文化・社会、社会・都道府県・数字、604058、数字、社会、すうじ、学校、文化,ドロップス/604058宮崎県.png,assets/images/drop_1392.png
drop_1393,604059,鹿児島県,文化・社会,社会・都道府県・数字,鹿児島県、文化・社会、社会・都道府県・数字、604059、数字、社会、すうじ、学校、文化,ドロップス/604059鹿児島県.png,assets/images/drop_1393.png
drop_1394,604060,沖縄県,文化・社会,社会・都道府県・数字,沖縄県、文化・社会、社会・都道府県・数字、604060、数字、社会、すうじ、学校、文化,ドロップス/604060沖縄県.png,assets/images/drop_1394.png
drop_1395,604061,埼玉県,文化・社会,社会・都道府県・数字,埼玉県、文化・社会、社会・都道府県・数字、604061、数字、社会、すうじ、学校、文化,ドロップス/604061埼玉県.png,assets/images/drop_1395.png
drop_1396,604062,愛知県,文化・社会,社会・都道府県・数字,愛知県、文化・社会、社会・都道府県・数字、604062、数字、社会、すうじ、学校、文化,ドロップス/604062愛知県.png,assets/images/drop_1396.png
drop_1397,604063,インターネット,文化・社会,社会・都道府県・数字,インターネット、文化・社会、社会・都道府県・数字、604063、数字、社会、すうじ、学校、文化,ドロップス/604063インターネット.png,assets/images/drop_1397.png
drop_1398,604064,千葉県,文化・社会,社会・都道府県・数字,千葉県、文化・社会、社会・都道府県・数字、604064、数字、社会、すうじ、学校、文化,ドロップス/604064千葉県.png,assets/images/drop_1398.png
drop_1399,604065,東京都,文化・社会,社会・都道府県・数字,東京都、文化・社会、社会・都道府県・数字、604065、数字、社会、すうじ、学校、文化,ドロップス/604065東京都.png,assets/images/drop_1399.png
drop_1400,604066,新潟県,文化・社会,社会・都道府県・数字,新潟県、文化・社会、社会・都道府県・数字、604066、数字、社会、すうじ、学校、文化,ドロップス/604066新潟県.png,assets/images/drop_1400.png
drop_1401,604067,岐阜県,文化・社会,社会・都道府県・数字,岐阜県、文化・社会、社会・都道府県・数字、604067、数字、社会、すうじ、学校、文化,ドロップス/604067岐阜県.png,assets/images/drop_1401.png
drop_1402,604068,京都府,文化・社会,社会・都道府県・数字,京都府、文化・社会、社会・都道府県・数字、604068、数字、社会、すうじ、学校、文化,ドロップス/604068京都府.png,assets/images/drop_1402.png
drop_1403,604069,奈良県,文化・社会,社会・都道府県・数字,奈良県、文化・社会、社会・都道府県・数字、604069、数字、社会、すうじ、学校、文化,ドロップス/604069奈良県.png,assets/images/drop_1403.png
drop_1404,604070,島根県,文化・社会,社会・都道府県・数字,島根県、文化・社会、社会・都道府県・数字、604070、数字、社会、すうじ、学校、文化,ドロップス/604070島根県.png,assets/images/drop_1404.png
drop_1405,604071,山口県,文化・社会,社会・都道府県・数字,山口県、文化・社会、社会・都道府県・数字、604071、数字、社会、すうじ、学校、文化,ドロップス/604071山口県.png,assets/images/drop_1405.png
drop_1406,604072,香川県,文化・社会,社会・都道府県・数字,香川県、文化・社会、社会・都道府県・数字、604072、数字、社会、すうじ、学校、文化,ドロップス/604072香川県.png,assets/images/drop_1406.png
